Season Number,Startup Name,Episode Number,Pitch Number,Season Start,Season End,Original Air Date,Industry,Business Description,Company Website,Pitchers Gender,Pitchers Average Age,Pitchers City,Pitchers State,Entrepreneur Names,Multiple Entrepreneurs,Viewers,Original Ask Amount,Original Offered Equity,Valuation Requested,Received Offer,Accepted Offer,Total Deal Amount,Total Deal Equity,Deal Valuation,Number of Sharks in Deal,Investment Amount Per Shark,Equity Per Shark,Royalty Deal,Advisory Shares Equity,Loan,Deal Has Conditions,Mentorship,Steve Investment Amount,Steve Investment Equity,Janine Investment Amount,Janine Investment Equity,Andrew Investment Amount,Andrew Investment Equity,Naomi Investment Amount,Naomi Investment Equity,Glen Investment Amount,Glen Investment Equity,Guest Investment Amount,Guest Investment Equity,Invested Guest Name,Steve Present,Janine Present,Andrew Present,Naomi Present,Glen Present,Guest Present
1,CricketCooler,1,1,8-Feb-15,7-Jun-15,8-Feb-15,Fitness/Sports/Outdoors,An esky with attached cricket stumps,https://www.cricketcooler.com.au/,Male,Middle,Adelaide,SA,Adam Dubrich & Leigh Warren,1.0,"616,000",280000.0,20.0,1400000.0,1,1.0,280000.0,20.0,1400000.0,1.0,280000.0,20.0,,,200000.0,,,,,,,,,280000.0,20.0,,,,,,1.0,1.0,1.0,1.0,1.0,
1,RentResumé,1,2,8-Feb-15,7-Jun-15,8-Feb-15,Software/Tech,Online rental subscription that details rental history,https://rentresume.com/,Male,Middle,Melbourne,VIC,Darren Smith,0.0,"616,000",2500000.0,40.0,6250000.0,0,,0.0,,,,,,,,,,,,,,,,,,,,,,,,1.0,1.0,1.0,1.0,1.0,
1,CASEBOARDS,1,3,8-Feb-15,7-Jun-15,8-Feb-15,Fitness/Sports/Outdoors,"Portable, electric remote controlled skateboard that folds down to briefcase size",https://epicelectricskateboards.com/,Male,Middle,Gold Coast,QLD,Adam Riley,0.0,"616,000",20000.0,10.0,200000.0,1,1.0,40000.0,35.0,114286.0,2.0,20000.0,17.5,,,,,,,,20000.0,17.5,20000.0,17.5,,,,,,,,1.0,1.0,1.0,1.0,1.0,
1,Hamdog,1,4,8-Feb-15,7-Jun-15,8-Feb-15,Food and Beverage,Hamburger and hot dog combination,,Male,Middle,Perth,WA,Mark Murray,0.0,"616,000",1.0,25.0,4.0,1,1.0,2.0,50.0,4.0,1.0,2.0,50.0,,,,,,,,,,2.0,50.0,,,,,,,,1.0,1.0,1.0,1.0,1.0,
1,EdibleBugShop,2,5,8-Feb-15,7-Jun-15,15-Feb-15,Business Services,CircleHarvest Edible insect business selling ground cricket flour,https://ediblebugshop.com.au/,Female,Middle,Sydney,NSW,Skye Blackburn,0.0,"688,000",170000.0,20.0,850000.0,1,1.0,170000.0,50.0,340000.0,1.0,170000.0,50.0,,,,,,,,170000.0,50.0,,,,,,,,,,1.0,1.0,1.0,1.0,1.0,
1,Lambatron,2,6,8-Feb-15,7-Jun-15,15-Feb-15,Automotive/Vehicles,"A commercial grade hexacopter, unmanned aerial vehicle",,Male,Middle,Capalaba,QLD,James Palmer,0.0,"688,000",150000.0,10.0,1500000.0,0,,0.0,,,,,,,,,,,,,,,,,,,,,,,,1.0,1.0,1.0,1.0,1.0,
1,ThroatScope,2,7,8-Feb-15,7-Jun-15,15-Feb-15,Health/Wellness,An illuminated tongue depressant device,https://throatscope.com/,Female,Middle,Brisbane,QLD,Jennifer Holland,0.0,"688,000",76000.0,10.0,760000.0,1,1.0,76000.0,30.0,253333.0,1.0,76000.0,30.0,,,,,,76000.0,30.0,,,,,,,,,,,,1.0,1.0,1.0,1.0,1.0,
1,BentoPets,2,8,8-Feb-15,7-Jun-15,15-Feb-15,Pet Products,A line of dog treats that human's can also consume,http://www.bentopets.com/,Female,Middle,Sydney,NSW,Shae Calissa Teo,0.0,"688,000",200000.0,10.0,2000000.0,0,,0.0,,,,,,,,,,,,,,,,,,,,,,,,1.0,1.0,1.0,1.0,1.0,
1,PBConveyorTray,2,9,8-Feb-15,7-Jun-15,15-Feb-15,Automotive,A conveyor belt loading and unloading device,,Male,Middle,Cecil Park,NSW,Bruno Oppedisano & Paul Usatti,1.0,"688,000",300000.0,51.0,588235.0,0,,0.0,,,,,,,,,,,,,,,,,,,,,,,,1.0,1.0,1.0,1.0,,1.0
1,Surfsafe,3,10,8-Feb-15,7-Jun-15,22-Feb-15,Fitness/Sports/Outdoors,A device that is embedded in surfboards to deter shark attacks,https://surfsafe.net.au/,Male,Middle,Perth,WA,Dave Smith,0.0,"739,000",120000.0,5.0,2400000.0,1,0.0,0.0,,,,,,,,,,,,,,,,,,,,,,,,1.0,1.0,1.0,1.0,,1.0
1,CaptainActive,3,11,8-Feb-15,7-Jun-15,22-Feb-15,Children/Education,A program encouraging kids and adults to be as active as they can,http://www.captainactive.com.au/,Male,Middle,,,Luke Wilson,0.0,"739,000",50000.0,20.0,250000.0,0,,0.0,,,,,,,,,,,,,,,,,,,,,,,,1.0,1.0,1.0,1.0,,1.0
1,MobileTyreShop,3,12,8-Feb-15,7-Jun-15,22-Feb-15,Automotive,A mobile car tyre fitting shop that comes to you to professionally fit and rebalance tyres,https://mobiletyreshop.com.au/,Male,Middle,Keysborough,VIC,Travis Osborne,0.0,"739,000",250000.0,10.0,2500000.0,1,1.0,250000.0,10.0,2500000.0,2.0,125000.0,5.0,,,100000.0,,,125000.0,5.0,,,,,,,,,125000.0,5.0,John McGrath,1.0,1.0,1.0,1.0,,1.0
1,SimplyMoreishMarinades,3,13,8-Feb-15,7-Jun-15,22-Feb-15,Food and Beverage,A homemade marinade business,http://www.simplymoreishmarinades.com.au/,Female,Middle,,,Anne Barclay,0.0,"739,000",80000.0,20.0,400000.0,0,,0.0,,,,,,,,,,,,,,,,,,,,,,,,1.0,1.0,1.0,1.0,,1.0
1,TouchCo,3,14,8-Feb-15,7-Jun-15,22-Feb-15,Electronics,An interactive computer screen that can be activated on glass,,Male,Young,Melbourne,VIC,Daniel Baise,0.0,"739,000",60000.0,15.0,400000.0,0,,0.0,,,,,,,,,,,,,,,,,,,,,,,,1.0,1.0,1.0,1.0,,1.0
1,ScopeMyProject,4,15,8-Feb-15,7-Jun-15,1-Mar-15,Software/Tech,Company that pairs businesses with web designers,,Male,Middle,,,Alex Pirouz & Nicholas Dogulin,1.0,"724,000",50000.0,20.0,250000.0,0,,0.0,,,,,,,,,,,,,,,,,,,,,,,,1.0,1.0,1.0,1.0,,1.0
1,DrDrumFurniture,4,16,8-Feb-15,7-Jun-15,1-Mar-15,Lifestyle/Home,Custom made furniture using oil drums,https://www.drumfurniture.com/,Male,Middle,Shepparton,VIC,Simon Fiske,0.0,"724,000",250000.0,33.0,757576.0,0,,0.0,,,,,,,,,,,,,,,,,,,,,,,,1.0,1.0,1.0,1.0,,1.0
1,Expocentric,4,17,8-Feb-15,7-Jun-15,1-Mar-15,Business Services,"A company that designs, constructs and project manages custom exhibition stands",https://expocentric.com.au/,Male,Middle,Rydalmere,NSW,Stan Kruss,0.0,"724,000",2000000.0,10.0,20000000.0,1,0.0,0.0,,,,,,,,,,,,,,,,,,,,,,,,1.0,1.0,1.0,1.0,,1.0
1,Wiggin'Out,4,18,8-Feb-15,7-Jun-15,1-Mar-15,Fashion/Beauty,Wigs with custom wig cap,https://wigginout.com/,Female,Middle,,,Brooke 'Chookie' Annan,0.0,"724,000",96000.0,12.0,800000.0,0,,0.0,,,,,,,,,,,,,,,,,,,,,,,,1.0,1.0,1.0,1.0,,1.0
1,Ranchero,4,19,8-Feb-15,7-Jun-15,1-Mar-15,Food and Beverage,Mexican Sauce and Salsa Business,https://www.ranchero.com.au/,Couple,Middle,,VIC,Giselle & Emilio Cano,1.0,"724,000",60000.0,30.0,200000.0,1,1.0,80000.0,40.0,200000.0,1.0,80000.0,40.0,,,,,,,,,,,,,,,,80000.0,40.0,John McGrath,1.0,1.0,1.0,1.0,,1.0
1,HairDryer/Straightener,5,20,8-Feb-15,7-Jun-15,8-Mar-15,Fashion/Beauty,Styling tool that combines a hair dryer and straightener,https://www.josephmourad.com.au/,Couple,Middle,Double Bay,NSW,Joseph Mourad,0.0,"710,000",1000000.0,20.0,5000000.0,0,,0.0,,,,,,,,,,,,,,,,,,,,,,,,1.0,1.0,1.0,1.0,,1.0
1,RescueSwag,5,21,8-Feb-15,7-Jun-15,8-Mar-15,Lifestyle/Home,"Comprehensive first aid kit that doubles as a sling, splint, compression device and water carrier",https://www.rescueswag.com.au/,Female,Middle,Brisbane,QLD,Tracey Beikoff,0.0,"710,000",220000.0,20.0,1100000.0,1,1.0,100000.0,40.0,250000.0,1.0,100000.0,40.0,1.0,,,,,100000.0,40.0,,,,,,,,,,,,1.0,1.0,1.0,1.0,,1.0
1,KoalaKarma,5,22,8-Feb-15,7-Jun-15,8-Mar-15,Food and Beverage,A relaxation drink,http://www.koalakarma.com.au/,Female,Middle,Coolangatta,QLD,Jaime Turner & Cheryl Stewart,1.0,"710,000",100000.0,15.0,666667.0,0,,0.0,,,,,,,,,,,,,,,,,,,,,,,,1.0,1.0,1.0,1.0,,1.0
1,HegsPegs,5,23,8-Feb-15,7-Jun-15,8-Mar-15,Lifestyle/Home,A peg with hooks,https://hegs.com/,Male,Middle,Adelaide,SA,Scott Boocock,0.0,"710,000",380000.0,10.0,3800000.0,1,1.0,380000.0,15.0,2533333.0,1.0,380000.0,15.0,,,280000.0,,,,,,,,,380000.0,15.0,,,,,,1.0,1.0,1.0,1.0,,1.0
1,DyskinGuitars,5,24,8-Feb-15,7-Jun-15,8-Mar-15,Lifestyle/Home,A specially-designed guitar with numbers to make learning it easy,http://www.dyskinguitars.com/,Male,Middle,Sydney,NSW,Brian Dyskin,0.0,"710,000",36000.0,18.0,200000.0,0,,0.0,,,,,,,,,,,,,,,,,,,,,,,,1.0,1.0,1.0,1.0,,1.0
1,ScrubbaWashBag,6,25,8-Feb-15,7-Jun-15,15-Mar-15,Electronics,"A portable washing machine for travel, camping and sportswear",https://thescrubba.com/,Male,Middle,Melbourne,VIC,Ash Newland,0.0,"973,000",178000.0,8.0,2225000.0,1,1.0,360000.0,30.0,1200000.0,2.0,180000.0,15.0,,,,,,180000.0,15.0,180000.0,15.0,,,,,,,,,,1.0,1.0,1.0,1.0,,1.0
1,KLite,6,26,8-Feb-15,7-Jun-15,15-Mar-15,Fitness/Sports/Outdoors,A dynamo light for bicycles,https://www.klite.com.au/,Male,Middle,,VIC,Kerry Staite,0.0,"973,000",50000.0,25.0,200000.0,0,,0.0,,,,,,,,,,,,,,,,,,,,,,,,1.0,1.0,1.0,1.0,,1.0
1,EvilCorp,6,27,8-Feb-15,7-Jun-15,15-Mar-15,Business Services,"An all-year-round purpose-built, live haunted attraction",https://evilcorp.com.au/,Female,Middle,Fortitude Valley,QLD,Kate Rose & Jaye Rose,1.0,"973,000",500000.0,40.0,1250000.0,0,,0.0,,,,,,,,,,,,,,,,,,,,,,,,1.0,1.0,1.0,1.0,,1.0
1,Bottlepops,6,28,8-Feb-15,7-Jun-15,15-Mar-15,Fitness/Sports/Outdoors,"Talking, sports themed bottle openers",https://bottlepops.com.au/,Male,Middle,,VIC,Stephen Brooks & Greg Jury,1.0,"973,000",95000.0,15.0,633333.0,1,1.0,150000.0,40.0,375000.0,2.0,75000.0,20.0,,,,,,75000.0,20.0,,,75000.0,20.0,,,,,,,,1.0,1.0,1.0,1.0,,1.0
1,DHDSkate,7,29,8-Feb-15,7-Jun-15,22-Mar-15,Fitness/Sports/Outdoors,A skateboard truck mechanism that increases stability,,Male,Old,Gold Coast,QLD,David Hill,0.0,"638,000",160000.0,20.0,800000.0,0,,0.0,,,,,,,,,,,,,,,,,,,,,,,,1.0,1.0,1.0,1.0,,1.0
1,ThePartyPeople,7,30,8-Feb-15,7-Jun-15,22-Mar-15,Business Services,Party supplies company,https://www.thepartypeople.com.au/,Male,Middle,Drummoyne,NSW,Dean Salakas,0.0,"638,000",400000.0,5.0,8000000.0,1,0.0,0.0,,,,,,,,,,,,,,,,,,,,,,,,1.0,1.0,1.0,1.0,,1.0
1,Freckleberry,7,31,8-Feb-15,7-Jun-15,22-Mar-15,Food and Beverage,Chocolate wholesale business,https://freckleberry.com.au/,Female,Middle,North Geelong,VIC,Megan Van Oirschot,0.0,"638,000",350000.0,20.0,1750000.0,0,,0.0,,,,,,,,,,,,,,,,,,,,,,,,1.0,1.0,1.0,1.0,,1.0
1,Hummingbirds,7,32,8-Feb-15,7-Jun-15,22-Mar-15,Children/Education,An all-abilities childcare facility,https://www.rubyandollies.com.au/,Female,Middle,Brisbane,QLD,Rebecca Glover & Leah James,1.0,"638,000",80000.0,20.0,400000.0,1,1.0,80000.0,25.0,320000.0,2.0,40000.0,12.5,,,,,,40000.0,12.5,,,,,,,,,40000.0,12.5,John McGrath,1.0,1.0,1.0,1.0,,1.0
1,TommySugo,8,33,8-Feb-15,7-Jun-15,29-Mar-15,Food and Beverage,A spaghetti and espresso restaurant,https://tommysugo.com.au/,Male,Middle,Perth,WA,Joel Sneeuwjagt & Nathan Baws,1.0,"587,000",350000.0,15.0,2333333.0,1,1.0,350000.0,50.0,700000.0,1.0,350000.0,50.0,,,200000.0,,,,,350000.0,50.0,,,,,,,,,,1.0,1.0,1.0,1.0,,1.0
1,StinkBrothers,8,34,8-Feb-15,7-Jun-15,29-Mar-15,Fashion/Beauty,Natural deodorant targeted at male adolescence,,Female,Middle,Brisbane,QLD,Suzanne Bosanquet & Lisa O'Keefe,1.0,"587,000",50000.0,10.0,500000.0,0,,0.0,,,,,,,,,,,,,,,,,,,,,,,,1.0,1.0,1.0,1.0,,1.0
1,Gladmac,8,35,8-Feb-15,7-Jun-15,29-Mar-15,Fashion/Beauty,A tongue scraper G-Stick,,Female,Middle,,NSW,Gladys Mackenzie,0.0,"587,000",250000.0,20.0,1250000.0,0,,0.0,,,,,,,,,,,,,,,,,,,,,,,,1.0,1.0,1.0,1.0,,1.0
1,WeTeachMe,8,36,8-Feb-15,7-Jun-15,29-Mar-15,Children/Education,An online marketplace for student courses,https://weteachme.com/,Male,Middle,Melbourne,VIC,Kym Huynh,0.0,"587,000",200000.0,2.5,8000000.0,1,0.0,0.0,,,,,,,,,,,,,,,,,,,,,,,,1.0,1.0,1.0,1.0,,1.0
1,CharliChair,9,37,8-Feb-15,7-Jun-15,12-Apr-15,Children/Education,A portable baby shower chair,https://charlichair.com.au/,Couple,Middle,Sydney,NSW,Hani & Meray Yassa,1.0,"527,000",200000.0,5.0,4000000.0,1,1.0,200000.0,50.0,400000.0,1.0,200000.0,50.0,,,100000.0,,,,,,,,,,,,,200000.0,50.0,John McGrath,1.0,1.0,1.0,1.0,,1.0
1,NexusNotes,9,38,8-Feb-15,7-Jun-15,12-Apr-15,Software/Tech,An online marketplace for students to buy and sell course notes,https://nexusnotes.com/,Male,Young,Melbourne,VIC,Hugh Minson & Richard Horden-Gibbings,1.0,"527,000",300000.0,7.5,4000000.0,0,,0.0,,,,,,,,,,,,,,,,,,,,,,,,1.0,1.0,1.0,1.0,,1.0
1,TheDinnerLadies,9,39,8-Feb-15,7-Jun-15,12-Apr-15,Food and Beverage,"Hot to Go, a spin-off of the original business",https://www.dinnerladies.com.au/,Female,Middle,Matraville,NSW,Sophie Gilliatt & Katherine Westwood,1.0,"527,000",140000.0,33.0,424242.0,1,1.0,216000.0,33.0,654545.0,1.0,216000.0,33.0,,,,,,,,216000.0,33.0,,,,,,,,,,1.0,1.0,1.0,1.0,,1.0
1,GrownWoodenEyewear,10,40,8-Feb-15,7-Jun-15,19-Apr-15,Lifestyle/Home,Bamboo and wooden sunglasses,https://growneyewear.com.au/,Male,Middle,Byron Bay,NSW,Jeff Phillips,0.0,"548,000",60000.0,20.0,300000.0,1,1.0,60000.0,40.0,150000.0,2.0,30000.0,20.0,,,20000.0,,,,,,,,,30000.0,20.0,,,30000.0,20.0,John McGrath,1.0,1.0,1.0,1.0,,1.0
1,RichGurl,10,41,8-Feb-15,7-Jun-15,19-Apr-15,Software/Tech,A website which gathers online clothes sales in one place,http://www.richgurl.com/,Female,Middle,,,Stefanie Miro,0.0,"548,000",50000.0,20.0,250000.0,0,,0.0,,,,,,,,,,,,,,,,,,,,,,,,1.0,1.0,1.0,1.0,,1.0
1,LeapinDigitalKeys,10,42,8-Feb-15,7-Jun-15,19-Apr-15,Software/Tech,App that allows users to open their hotel door locks from their smartphone,https://www.digitalkeys.io/,Male,Middle,Gold Coast,QLD,Steve Dunn,0.0,"548,000",75000.0,3.0,2500000.0,0,,0.0,,,,,,,,,,,,,,,,,,,,,,,,1.0,1.0,1.0,1.0,,1.0
1,LaMule,10,43,8-Feb-15,7-Jun-15,19-Apr-15,Business Services,Carpooling service,http://www.lamule.com.au/,Male,Middle,Gold Coast,QLD,Oliver Du Rieu,0.0,"548,000",50000.0,5.0,1000000.0,0,,0.0,,,,,,,,,,,,,,,,,,,,,,,,1.0,1.0,1.0,1.0,,1.0
1,Ampan,11,44,8-Feb-15,7-Jun-15,26-Apr-15,Green/CleanTech,Product made from agricultural waste for building construction,https://ampan.com.au/,Male,Old,Coleambally,NSW,Grant Burns & John Gorman,1.0,"480,000",500000.0,20.0,2500000.0,0,,0.0,,,,,,,,,,,,,,,,,,,,,,,,1.0,1.0,1.0,1.0,,1.0
1,crisp,11,45,8-Feb-15,7-Jun-15,26-Apr-15,Food and Beverage,A raw salad bar business,https://crisp.com.au/,Couple,Middle,Melbourne,VIC,Shey Newitt & Ted Tolfree,1.0,"480,000",700000.0,10.0,7000000.0,1,0.0,0.0,,,,,,,,,,,,,,,,,,,,,,,,1.0,1.0,1.0,1.0,,1.0
1,Mobilyser,11,46,8-Feb-15,7-Jun-15,26-Apr-15,Software/Tech,App that separates work related calls from personal calls for tax purposes,http://www.mobilyser.net/,Male,Middle,Perth,WA,Robbie Adams,0.0,"480,000",1000000.0,25.0,4000000.0,0,,0.0,,,,,,,,,,,,,,,,,,,,,,,,1.0,1.0,1.0,1.0,,1.0
1,FlyBabee,11,47,8-Feb-15,7-Jun-15,26-Apr-15,Children/Education,TravelMadeEasy pop up sleep cover for airline bassinets and strollers,https://cozigo.com/,Female,Middle,Manly,NSW,Emma Lovell,0.0,"480,000",50000.0,10.0,500000.0,1,1.0,80000.0,38.0,210526.0,1.0,80000.0,38.0,,,,yes,,,,80000.0,38.0,,,,,,,,,,1.0,1.0,1.0,1.0,,1.0
1,THREE65,12,48,8-Feb-15,7-Jun-15,10-May-15,Fashion/Beauty,Men's underwear subscription business,http://www.three65.com.au/,Male,Middle,Melbourne,VIC,Will Strange,0.0,"656,000",60000.0,15.0,400000.0,1,1.0,120000.0,50.0,240000.0,2.0,60000.0,25.0,,,60000.0,,,,,60000.0,25.0,,,60000.0,25.0,,,,,,1.0,1.0,1.0,1.0,,1.0
1,HEADVERT,12,49,8-Feb-15,7-Jun-15,10-May-15,Fashion/Beauty,"Fully assembled, flatpacked custom promotional hats paper wearables",http://www.paperhatcompany.com.au/,Male,Middle,Melbourne,VIC,"Michael, Franco & Carl",1.0,"656,000",200000.0,25.0,800000.0,0,,0.0,,,,,,,,,,,,,,,,,,,,,,,,1.0,1.0,1.0,1.0,,1.0
1,SupremeIncursions,12,50,8-Feb-15,7-Jun-15,10-May-15,Children/Education,Runs incursions for schools,https://www.supremeincursions.com.au/,Male,Middle,Sunshine West,VIC,Ryan Olsen & Mark Pollard,1.0,"656,000",80000.0,5.0,1600000.0,0,,0.0,,,,,,,,,,,,,,,,,,,,,,,,1.0,1.0,1.0,1.0,,1.0
1,Koja,12,51,8-Feb-15,7-Jun-15,10-May-15,Food and Beverage,"Healthy, vegan, and gluten-free snack bars, toppers, and gift boxes",https://www.koja.com.au/,Female,Middle,Melbourne,VIC,Kate Johansson,0.0,"656,000",150000.0,25.0,600000.0,1,1.0,150000.0,45.0,333333.0,1.0,150000.0,45.0,,,100000.0,,,,,,,,,,,,,150000.0,45.0,John McGrath,1.0,1.0,1.0,1.0,,1.0
1,hipsta,13,52,8-Feb-15,7-Jun-15,17-May-15,Lifestyle/Home,A clip on water bottle holder,https://www.hipsta.com.au/,Couple,Middle,Earlwood,NSW,Peter & Kristina Stojkovski,1.0,"559,000",250000.0,20.0,1250000.0,0,,0.0,,,,,,,,,,,,,,,,,,,,,,,,1.0,1.0,1.0,1.0,,1.0
1,flexsillid,13,53,8-Feb-15,7-Jun-15,17-May-15,Green/CleanTech,"Reusable, watertight lids for bain marie pans",http://www.flexsil-lid.com/,Male,Middle,Sydney,NSW,Albert David & Robin Fester,1.0,"559,000",300000.0,10.0,3000000.0,0,,0.0,,,,,,,,,,,,,,,,,,,,,,,,1.0,1.0,1.0,1.0,,1.0
1,pottytraining,13,54,8-Feb-15,7-Jun-15,17-May-15,Children/Education,A toilet training business,https://www.pottytraining.com.au/,Couple,Middle,The Gap,QLD,Tracey & Lorne Fulwood,1.0,"559,000",140000.0,20.0,700000.0,0,,0.0,,,,,,,,,,,,,,,,,,,,,,,,1.0,1.0,1.0,1.0,,1.0
1,synxsole,13,55,8-Feb-15,7-Jun-15,17-May-15,Fashion/Beauty,"Easy fit orthotics, insoles and shoe inserts",https://synxbody.com/,Female,Middle,Perth,WA,Rachel Ferguson & Marie Lewis,1.0,"559,000",100000.0,22.5,444444.0,1,1.0,100000.0,45.0,222222.0,1.0,100000.0,45.0,,,,,,,,,,100000.0,45.0,,,,,,,,1.0,1.0,1.0,1.0,,1.0
1,HaloMedicalDevices,14,56,8-Feb-15,7-Jun-15,31-May-15,Health/Wellness,Digital goniometer used by physiotherapists,https://halomedicaldevices.com/,Female,Middle,Sydney,NSW,Hayley Warren,0.0,"729,000",200000.0,21.0,952381.0,1,1.0,200000.0,21.0,952381.0,2.0,100000.0,10.5,,,100000.0,,,,,,,100000.0,10.5,100000.0,10.5,,,,,,1.0,1.0,1.0,1.0,,1.0
1,S2BSmartShower,14,57,8-Feb-15,7-Jun-15,31-May-15,Lifestyle/Home,Walk in shower with bath conversion,,Male,Middle,Melbourne,VIC,David Kay,0.0,"729,000",200000.0,15.0,1333333.0,0,,0.0,,,,,,,,,,,,,,,,,,,,,,,,1.0,1.0,1.0,1.0,,1.0
1,smudgi,14,58,8-Feb-15,7-Jun-15,31-May-15,Lifestyle/Home,A microfibre cloth with a sticky backing used to clean device screens,http://www.smudgi.com/,Female,Old,Sydney,NSW,Melissa Pye,0.0,"729,000",60000.0,30.0,200000.0,0,,0.0,,,,,,,,,,,,,,,,,,,,,,,,1.0,1.0,1.0,1.0,,1.0
1,PiccaninnyTinyTots,14,59,8-Feb-15,7-Jun-15,31-May-15,Children/Education,Kakadu tiny tots Children's clothing using authentic Aboriginal art,https://www.kakadutinytots.com.au/,Female,Middle,Adelaide,SA,Kylie Bradford,0.0,"729,000",40000.0,20.0,200000.0,1,1.0,40000.0,40.0,100000.0,2.0,20000.0,20.0,,,20000.0,,,20000.0,20.0,,,,,,,,,20000.0,20.0,John McGrath,1.0,1.0,1.0,1.0,,1.0
1,sonseeWoman,15,60,8-Feb-15,7-Jun-15,7-Jun-15,Fashion/Beauty,Hosiery for plus size women,https://sonseewoman.com/,Female,Middle,Northcote,VIC,Vanessa Babuin,0.0,"568,000",50000.0,20.0,250000.0,1,1.0,100000.0,20.0,500000.0,1.0,100000.0,20.0,,,80000.0,,,,,,,,,100000.0,20.0,,,,,,1.0,1.0,1.0,1.0,,1.0
1,MrBrowne,15,61,8-Feb-15,7-Jun-15,7-Jun-15,Fashion/Beauty,A male self-tanning business,http://www.mrbrowne.com.au/,Female,Middle,Sydney,NSW,Joanne Rathbone & Michelle Crofts,1.0,"568,000",70000.0,20.0,350000.0,0,,0.0,,,,,,,,,,,,,,,,,,,,,,,,1.0,1.0,1.0,1.0,,1.0
1,BRYCES,15,62,8-Feb-15,7-Jun-15,7-Jun-15,Business Services,A chain of studio apartment motels,https://bryces.com.au/,Male,Middle,Osborne Park,WA,Bryce McDougall,0.0,"568,000",1980000.0,45.0,4400000.0,0,,0.0,,,,,,,,,,,,,,,,,,,,,,,,1.0,1.0,1.0,1.0,,1.0
1,ThoseGirls,15,63,8-Feb-15,7-Jun-15,7-Jun-15,Food and Beverage,Homemade iced tea business,thosegirls.com.au,Female,Middle,Melbourne,VIC,Lauren Davie & Elena Andoniou,1.0,"568,000",70000.0,15.0,466667.0,1,1.0,70000.0,40.0,175000.0,1.0,70000.0,40.0,,,,,,70000.0,40.0,,,,,,,,,,,,1.0,1.0,1.0,1.0,,1.0
2,OnTheGoSports,1,64,8-May-16,7-Jul-16,8-May-16,Fitness/Sports/Outdoors,Custom sports apparel e-commerce,https://onthegosports.com.au/,Male,Young,Canberra,NSW,Mick Spencer,0.0,"479,000",300000.0,10.0,3000000.0,1,1.0,600000.0,30.0,2000000.0,3.0,200000.0,10.0,,,,,,200000.0,10.0,200000.0,10.0,200000.0,10.0,,,,,,,,1.0,1.0,1.0,1.0,1.0,
2,CleverScore,1,65,8-May-16,7-Jul-16,8-May-16,Fitness/Sports/Outdoors,Design and manufacturing company for manual scoreboards,https://www.cleverscore.com.au/,Male,Middle,Perth,WA,David Lambasa,0.0,"479,000",200000.0,25.0,800000.0,1,0.0,0.0,,,,,,,,,,,,,,,,,,,,,,,,1.0,1.0,1.0,1.0,1.0,
2,SharknadoAlive,1,66,8-May-16,7-Jul-16,8-May-16,Media/Entertainment,Live interactive attraction based on the Sharknado brand,,Male,Middle,,,Lynton V Harris,0.0,"479,000",475000.0,50.0,950000.0,1,1.0,475000.0,50.0,950000.0,5.0,95000.0,10.0,,,,,,95000.0,10.0,95000.0,10.0,95000.0,10.0,95000.0,10.0,95000.0,10.0,,,,1.0,1.0,1.0,1.0,1.0,
2,DISRUPT,2,67,8-May-16,7-Jul-16,15-May-16,Fitness/Sports/Outdoors,Self customiseable designs for world's sports equipments,https://branded.disruptsports.com/,Male,Middle,Sydney,NSW,Gary Elphick,0.0,"449,000",250000.0,5.8,4310345.0,1,0.0,0.0,,,,,,,,,,,,,,,,,,,,,,,,1.0,1.0,1.0,1.0,1.0,
2,CarNextDoor,2,68,8-May-16,7-Jul-16,15-May-16,Automotive/Vehicles,"Peer-to-peer car rental, rent privately owned vehicles",https://www.carnextdoor.com.au/,Male,Middle,Sydney,NSW,Will Davies & Dave Trumbull,1.0,"449,000",300000.0,4.0,7500000.0,1,1.0,300000.0,4.0,7500000.0,1.0,300000.0,4.0,,,,,,300000.0,4.0,,,,,,,,,,,,1.0,1.0,1.0,1.0,1.0,
2,SuperOrbs,2,69,8-May-16,7-Jul-16,15-May-16,Food and Beverage,Bite sized vegan snack meal made with organic super-foods,http://www.superorbs.com/,Male,Middle,,,Shath & Bren,1.0,"449,000",200000.0,20.0,1000000.0,0,,0.0,,,,,,,,,,,,,,,,,,,,,,,,1.0,1.0,1.0,1.0,1.0,
2,HerFashionBox,2,70,8-May-16,7-Jul-16,15-May-16,Fashion/Beauty,HFB box full of beauty accessories and products based on a buyers look and personality,,Female,Young,Sydney,NSW,Kath Purkis,0.0,"449,000",200000.0,12.0,1666667.0,1,1.0,200000.0,16.0,1250000.0,2.0,100000.0,8.0,,,,,,,,100000.0,8.0,100000.0,8.0,,,,,,,,1.0,1.0,1.0,1.0,1.0,
2,TagInternational,3,71,8-May-16,7-Jul-16,22-May-16,Fitness/Sports/Outdoors,An outdoor adventure and team-building company,https://hqtag.com/,Male,Old,Brisbane,QLD,Mick D,0.0,"596,000",100000.0,20.0,500000.0,1,1.0,100000.0,30.0,333333.0,2.0,50000.0,15.0,,,,,,50000.0,15.0,,,,,50000.0,15.0,,,,,,1.0,1.0,1.0,1.0,1.0,
2,ExtremeShredder,3,72,8-May-16,7-Jul-16,22-May-16,Fitness/Sports/Outdoors,Online fitness company that gives you access to online fitness workouts,http://extremeshreddervip.com.au/,Female,Middle,Caloundra,QLD,Sally Matterson,0.0,"596,000",50000.0,20.0,250000.0,1,1.0,50000.0,25.0,200000.0,1.0,50000.0,25.0,,,,,,,,,,,,50000.0,25.0,,,,,,1.0,1.0,1.0,1.0,1.0,
2,TroppoBicycle,3,73,8-May-16,7-Jul-16,22-May-16,Fitness/Sports/Outdoors,"Redesigned Bicycle that goes faster, offers better exercise and body building benefits, enhanced comfort and safety",http://troppobicycles.com.au/,Male,Old,Brisbane,QLD,Richard Ploszaj,0.0,"596,000",5000000.0,49.0,10204082.0,0,,0.0,,,,,,,,,,,,,,,,,,,,,,,,1.0,1.0,1.0,1.0,1.0,
2,Betswaps,3,74,8-May-16,7-Jul-16,22-May-16,Fitness/Sports/Outdoors,An online sports tipping marketplace,https://www.betswaps.com/,Male,Middle,Lockleys,SA,Michael Timbs,0.0,"596,000",200000.0,10.0,2000000.0,1,1.0,200000.0,15.0,1333333.0,2.0,100000.0,7.5,,,,,,100000.0,7.5,,,,,,,100000.0,7.5,,,,1.0,1.0,1.0,1.0,1.0,
2,Rhinohide,4,75,8-May-16,7-Jul-16,25-May-16,Automotive,"A tough, removable body armour that protects 4x4 cars against dents and scratches",https://www.rhinohide.com.au/,Male,Middle,Belmont,WA,Marc Berryman,0.0,"636,000",80000.0,10.0,800000.0,1,1.0,80000.0,10.0,800000.0,2.0,40000.0,5.0,,,,,,,,,,40000.0,5.0,,,40000.0,5.0,,,,1.0,1.0,1.0,1.0,1.0,
2,OrmsbyGuitars,4,76,8-May-16,7-Jul-16,25-May-16,Lifestyle/Home,Handmade guitars from very rare timbers,https://www.ormsbyguitars.com/,Male,Middle,Canning Vale,WA,Perry Ormsby,0.0,"636,000",200000.0,10.0,2000000.0,1,0.0,0.0,,,,,,,,,,,,,,,,,,,,,,,,1.0,1.0,1.0,1.0,1.0,
2,Carhood,4,77,8-May-16,7-Jul-16,25-May-16,Business Services,Airport car sharing platform while they are travelling,https://carhood.com.au/,Male,Middle,Melbourne,VIC,Steve Johnson & Christian Shaefer,1.0,"636,000",500000.0,11.0,4545455.0,0,,0.0,,,,,,,,,,,,,,,,,,,,,,,,1.0,1.0,1.0,1.0,1.0,
2,2Shu,4,78,8-May-16,7-Jul-16,25-May-16,Fashion/Beauty,A shoe that can be converted between a thong or a closed-toe shoe and vice versa,,Male,Middle,Gold Coast,QLD,Matt Gillett,0.0,"636,000",150000.0,40.0,375000.0,1,1.0,150000.0,25.0,600000.0,1.0,150000.0,25.0,,,,,,,,150000.0,25.0,,,,,,,,,,1.0,1.0,1.0,1.0,1.0,
2,PaleoCafé,5,79,8-May-16,7-Jul-16,1-Jun-16,Food and Beverage,Health food store and cafe franchise,https://www.paleo-cafe.com.au/,Couple,Middle,Cairns,QLD,Marlies & Jai Hobbs,1.0,"539,000",750000.0,10.0,7500000.0,1,1.0,750000.0,35.0,2142857.0,1.0,750000.0,35.0,,,,,,,,750000.0,35.0,,,,,,,,,,1.0,1.0,1.0,1.0,1.0,
2,PITZSTOP,5,80,8-May-16,7-Jul-16,1-Jun-16,Fashion/Beauty,Disposable male armpit guards hygiene pads,,Couple,Middle,,QLD,Michelle & Troy Tornabene,1.0,"539,000",50000.0,25.0,200000.0,0,,0.0,,,,,,,,,,,,,,,,,,,,,,,,1.0,1.0,1.0,1.0,1.0,
2,BodyPeaceClothing,5,81,8-May-16,7-Jul-16,1-Jun-16,Green/CleanTech,A range of eco-friendly clothes from bamboo,https://www.bodypeacebamboo.com/,Female,Middle,Byron Bay,NSW,Anna Walsh,0.0,"539,000",90000.0,15.0,600000.0,1,1.0,180000.0,30.0,600000.0,2.0,90000.0,15.0,,,,,,90000.0,15.0,90000.0,15.0,,,,,,,,,,1.0,1.0,1.0,1.0,1.0,
2,FridayBeers,5,82,8-May-16,7-Jul-16,1-Jun-16,Liquor/Alcohol,A subscription of cold craft beers delivery service every Friday,https://fridaybeers.com.au/,Male,Middle,Brisbane,QLD,"Keegan, Matt, Nick & Lee",1.0,"539,000",25000.0,10.0,250000.0,1,1.0,25000.0,10.0,250000.0,1.0,25000.0,10.0,,,,,,25000.0,10.0,,,,,,,,,,,,1.0,1.0,1.0,1.0,1.0,
2,CapHat,6,83,8-May-16,7-Jul-16,8-Jun-16,Fashion/Beauty,A detachable cover for a cap or hat that provides full sun protection,https://caphat.com.au/,Male,Middle,Blackwood,SA,Bernie Sharrad,0.0,"625,000",120000.0,25.0,480000.0,1,1.0,120000.0,10.0,1200000.0,2.0,60000.0,5.0,,,120000.0,yes,,60000.0,5.0,,,60000.0,5.0,,,,,,,,1.0,1.0,1.0,1.0,1.0,
2,ASAPDelivery,6,84,8-May-16,7-Jul-16,8-Jun-16,Business Services,An SMS-based on-demand service,http://www.getitasap.com.au/,Male,Young,Sydney,NSW,Dylan Samra & Daniel Cunningham,1.0,"625,000",160000.0,10.0,1600000.0,0,,0.0,,,,,,,,,,,,,,,,,,,,,,,,1.0,1.0,1.0,1.0,1.0,
2,pottyplant,6,85,8-May-16,7-Jul-16,8-Jun-16,Pet Products,A real grass dog toilet per subscription,https://pottyplant.com.au/,Female,Middle,Bondi,NSW,Julia Sakr,0.0,"625,000",70000.0,10.0,700000.0,1,1.0,70000.0,25.0,280000.0,1.0,70000.0,25.0,,,,,,,,,,,,,,70000.0,25.0,,,,1.0,1.0,1.0,1.0,1.0,
2,AutomatedFlaggers,6,86,8-May-16,7-Jul-16,8-Jun-16,Business Services,A signaling system that takes traffic signalers out of harms way,,Male,Old,,,Fred Keizer,0.0,"625,000",0.0,0.0,0.0,0,,0.0,,,,,,,,,,,,,,,,,,,,,,,,1.0,1.0,1.0,1.0,1.0,
2,YourCloset,7,87,8-May-16,7-Jul-16,9-Jun-16,Fashion/Beauty,A luxury dress rental service,https://yourcloset.com.au,Female,Middle,Sydney,NSW,Briella Brown,0.0,"609,000",80000.0,20.0,400000.0,1,1.0,80000.0,40.0,200000.0,2.0,40000.0,20.0,,,,,,,,40000.0,20.0,,,40000.0,20.0,,,,,,1.0,1.0,1.0,1.0,1.0,
2,SuperFoodSushi,7,88,8-May-16,7-Jul-16,9-Jun-16,Food and Beverage,Vegan sushi cafe,http://www.superfoodsushi.com.au/,Mixed Team,Middle,,,Guy & Pepe Marshall,1.0,"609,000",250000.0,22.0,1136364.0,0,,0.0,,,,,,,,,,,,,,,,,,,,,,,,1.0,1.0,1.0,1.0,1.0,
2,RedBurlesque,7,89,8-May-16,7-Jul-16,9-Jun-16,Fashion/Beauty,A range of red lipsticks,https://redcosmetica.com/,Male,Middle,Sydney,NSW,Adam Countts,0.0,"609,000",150000.0,30.0,500000.0,0,,0.0,,,,,,,,,,,,,,,,,,,,,,,,1.0,1.0,1.0,1.0,1.0,
2,2WHEELBoard,7,90,8-May-16,7-Jul-16,9-Jun-16,Fitness/Sports/Outdoors,A combination of skateboarding and snowboarding,,Male,Middle,,,Demitrias & Utah Rejtano,1.0,"609,000",100000.0,20.0,500000.0,1,1.0,100000.0,0.0,0.0,1.0,100000.0,0.0,,,100000.0,yes,,,,,,,,100000.0,0.0,,,,,,1.0,1.0,1.0,1.0,1.0,
2,YouChews,8,91,8-May-16,7-Jul-16,15-Jun-16,Food and Beverage,An online marketplace for workplace catering,,Female,Middle,Sydney,NSW,Liz Kaelin,0.0,"700,000",125000.0,5.0,2500000.0,1,1.0,125000.0,12.5,1000000.0,1.0,125000.0,12.5,,,,,,125000.0,12.5,,,,,,,,,,,,1.0,1.0,1.0,1.0,1.0,
2,LuvUrSelf,8,92,8-May-16,7-Jul-16,15-Jun-16,Fashion/Beauty,A skincare range for young teenage girls,https://luvurskin.com/,Female,Young,Melbourne,VIC,Isabella Dymalovski,0.0,"700,000",65000.0,20.0,325000.0,0,,0.0,,,,,,,,,,,,,,,,,,,,,,,,1.0,1.0,1.0,1.0,1.0,
2,CrowdPropertyCapital,8,93,8-May-16,7-Jul-16,15-Jun-16,Software/Tech,An innovative peer-to-peer platform that allows investors to lend funds to borrowers,https://crowdpropertycapital.com.au/,Male,Middle,Sydney,NSW,David Lovato,0.0,"700,000",80000.0,20.0,400000.0,0,,0.0,,,,,,,,,,,,,,,,,,,,,,,,1.0,1.0,1.0,1.0,1.0,
2,auug,8,94,8-May-16,7-Jul-16,15-Jun-16,Software/Tech,A mobile app and hardware product to play musical instruments,https://www.auug.com/,Male,Young,Canberra,NSW,Joshua Young,0.0,"700,000",50000.0,5.0,1000000.0,1,1.0,50000.0,10.0,500000.0,1.0,50000.0,10.0,,,,,,,,,,50000.0,10.0,,,,,,,,1.0,1.0,1.0,1.0,1.0,
2,newagestore,9,95,8-May-16,7-Jul-16,16-Jun-16,Lifestyle/Home,"A spiritual and guidance website; online, automated tarot reading service",https://www.newagestore.com/,Couple,Middle,,,Jen Lawrence & John Bennett,1.0,"646,000",100000.0,10.0,1000000.0,1,1.0,100000.0,20.0,500000.0,1.0,100000.0,20.0,,,,,,,,,,,,100000.0,20.0,,,,,,1.0,1.0,1.0,1.0,1.0,
2,Exfolimate,9,96,8-May-16,7-Jul-16,16-Jun-16,Fashion/Beauty,Exfoliating tool to clean away dead skin from body,https://www.exfolimate.com/,Male,Old,,,Roberto Durso,0.0,"646,000",1100000.0,50.0,2200000.0,0,,0.0,,,,,,,,,,,,,,,,,,,,,,,,1.0,1.0,1.0,1.0,1.0,
2,SuperchargedFood,9,97,8-May-16,7-Jul-16,16-Jun-16,Health/Wellness,Online website which offers anti-inflammatory recipes for improved health,https://www.superchargedfood.com/,Female,Middle,Bondi,NSW,Lee Holmes,0.0,"646,000",200000.0,20.0,1000000.0,1,1.0,200000.0,35.0,571429.0,1.0,200000.0,35.0,,,100000.0,,,,,200000.0,35.0,,,,,,,,,,1.0,1.0,1.0,1.0,1.0,
2,NewEyeCompany,9,98,8-May-16,7-Jul-16,16-Jun-16,Business Services,Workplace safety glasses that support prescription lenses through foil inserts,https://neweyeco.com/,Male,Middle,Redcliffe,QLD,Andy Mehringer,0.0,"646,000",150000.0,20.0,750000.0,1,1.0,150000.0,30.0,500000.0,3.0,50000.0,10.0,,,,,,50000.0,10.0,,,50000.0,10.0,,,50000.0,10.0,,,,1.0,1.0,1.0,1.0,1.0,
2,Intelliweed,10,99,8-May-16,7-Jul-16,22-Jun-16,Green/CleanTech,An environmentally friendly weeding tool that pierces the weed and releases a herbicide,https://www.weedsniper.com.au/,Male,Middle,Adelaide,SA,Omid Rad,0.0,"483,000",175000.0,7.5,2333333.0,1,1.0,175000.0,15.0,1166667.0,1.0,175000.0,15.0,,,,,,,,,,,,,,175000.0,15.0,,,,1.0,1.0,1.0,1.0,1.0,
2,HairLuxe,10,100,8-May-16,7-Jul-16,22-Jun-16,Fashion/Beauty,A product which eliminates the look of balding or thinning hair,https://hairluxe.com.au/prestashop/,Male,Middle,Brisbane,QLD,Oran Harel,0.0,"483,000",50000.0,20.0,250000.0,0,,0.0,,,,,,,,,,,,,,,,,,,,,,,,1.0,1.0,1.0,1.0,1.0,
2,10WayNecklace,10,101,8-May-16,7-Jul-16,22-Jun-16,Fashion/Beauty,A necklace that can be worn ten different ways,https://marianicola.com/,Female,Middle,Northbridge,WA,Maria Nicola,0.0,"483,000",75000.0,20.0,375000.0,1,1.0,75000.0,40.0,187500.0,1.0,75000.0,40.0,,,,,,,,,,,,75000.0,40.0,,,,,,1.0,1.0,1.0,1.0,1.0,
2,HitWithME,10,102,8-May-16,7-Jul-16,22-Jun-16,Fitness/Sports/Outdoors,An app that helps individuals find someone to play tennis with,https://hitwithme.com/,Male,Young,Melbourne,VIC,Sam Begg,0.0,"483,000",50000.0,20.0,250000.0,1,1.0,50000.0,49.0,102041.0,1.0,50000.0,49.0,,,,,,,,,,,,,,50000.0,49.0,,,,1.0,1.0,1.0,1.0,1.0,
2,KisaPhone,11,103,8-May-16,7-Jul-16,23-Jun-16,Electronics,Easy to use mobile phone for the elderly,https://kisa.com.au/,Male,Middle,Melbourne,VIC,"Dennis, Dimitri & Leon",1.0,"595,000",200000.0,5.0,4000000.0,1,1.0,200000.0,10.0,2000000.0,1.0,200000.0,10.0,,,100000.0,,,,,,,,,200000.0,10.0,,,,,,1.0,1.0,1.0,1.0,1.0,
2,parkhound,11,104,8-May-16,7-Jul-16,23-Jun-16,Business Services,A company that finds and leases affordable parking spaces from property managers,https://www.parkhound.com.au/,Male,Middle,Melbourne,VIC,Robert Crocitti & Michael Nuciforo,1.0,"595,000",400000.0,10.0,4000000.0,1,0.0,0.0,,,,,,,,,,,,,,,,,,,,,,,,1.0,1.0,1.0,1.0,1.0,
2,SofiSpritz,11,105,8-May-16,7-Jul-16,23-Jun-16,Liquor/Alcohol,"An all-natural, Australian wine spritzer",https://sofispritz.com/,Male,Middle,Mudgee,NSW,Tom Maclean,0.0,"595,000",130000.0,10.0,1300000.0,1,1.0,130000.0,10.0,1300000.0,2.0,65000.0,5.0,,,,,,65000.0,5.0,,,,,,,65000.0,5.0,,,,1.0,1.0,1.0,1.0,1.0,
2,Mup,11,106,8-May-16,7-Jul-16,23-Jun-16,Lifestyle/Home,A mint built into the underside of a coffee cup,,Male,Middle,,,Fitzy & Wippa,1.0,"595,000",300000.0,5.0,6000000.0,1,0.0,0.0,,,,,,,,,,,,,,,,,,,,,,,,1.0,1.0,1.0,1.0,1.0,
2,PENTABLOCK,12,107,8-May-16,7-Jul-16,30-Jun-16,Lifestyle/Home,A unique interlocking construction block,https://www.pentablock.com.au/,Male,Middle,Hastings,VIC,Joel Norford,0.0,"452,000",350000.0,10.0,3500000.0,1,1.0,350000.0,17.0,2058824.0,1.0,350000.0,17.0,,,200000.0,,,,,350000.0,17.0,,,,,,,,,,1.0,1.0,1.0,1.0,1.0,
2,BitzongRobotics,12,108,8-May-16,7-Jul-16,30-Jun-16,Software/Tech,A robotic alarm clock,,Male,Young,,SA,Benny Tong,0.0,"452,000",20000.0,10.0,200000.0,0,,0.0,,,,,,,,,,,,,,,,,,,,,,,,1.0,1.0,1.0,1.0,1.0,
2,NITNINJAS,12,109,8-May-16,7-Jul-16,30-Jun-16,Lifestyle/Home,A cotton lace hat insert that treats and prevents nit infestations,,Couple,Middle,,,Paul Watts & Lisa Pallazi,1.0,"452,000",100000.0,30.0,333333.0,0,,0.0,,,,,,,,,,,,,,,,,,,,,,,,1.0,1.0,1.0,1.0,1.0,
2,GetKidsCooking,12,110,8-May-16,7-Jul-16,30-Jun-16,Children/Education,Hands-on cooking classes for primary school children,https://getkidscooking.com.au/,Female,Middle,Forestville,NSW,Joanne Bowskill & Holly Boal,1.0,"452,000",150000.0,10.0,1500000.0,1,1.0,150000.0,20.0,750000.0,1.0,150000.0,20.0,,,,,,,,,,,,,,150000.0,20.0,,,,1.0,1.0,1.0,1.0,1.0,
2,LilFairyDoor,13,111,8-May-16,7-Jul-16,7-Jul-16,Children/Education,A miniature magical door children can attach to their bedroom wall allowing fairies to come and visit,,Female,Middle,,,Sally Copus,0.0,"580,000",325000.0,20.0,1625000.0,1,1.0,650000.0,20.0,3250000.0,2.0,325000.0,10.0,,,325000.0,,,,,,,,,325000.0,10.0,325000.0,10.0,,,,1.0,1.0,1.0,1.0,1.0,
2,vegepod,13,112,8-May-16,7-Jul-16,7-Jul-16,Green/CleanTech,A self-contained vegetable and herb planter,https://vegepod.com.au/,Male,Middle,Terrey Hills,NSW,Matt Harris,0.0,"580,000",225000.0,10.0,2250000.0,1,1.0,225000.0,20.0,1125000.0,1.0,225000.0,20.0,,,75000.0,,,,,,,,,225000.0,20.0,,,,,,1.0,1.0,1.0,1.0,1.0,
2,TORQUESAFE,13,113,8-May-16,7-Jul-16,7-Jul-16,Business Services,A business that manufactures and sells safety switches for dangerous hydraulic torque tools,https://www.torquesafe.com.au/,Couple,Middle,Mount Gambier,SA,Luke & Vanessa Gosden,1.0,"580,000",300000.0,15.0,2000000.0,1,1.0,500000.0,50.0,1000000.0,3.0,166666.6667,16.66666667,,,,,,166666.6667,16.66666667,,,166666.6667,16.66666667,,,166666.6667,16.66666667,,,,1.0,1.0,1.0,1.0,1.0,
2,OneWorld,13,114,8-May-16,7-Jul-16,7-Jul-16,Lifestyle/Home,A range of furniture and house decorations,https://oneworldcollection.com.au/,Mixed Team,Middle,Sydney,NSW,Greg Ollerhead & Kate Fuller,1.0,"580,000",700000.0,20.0,3500000.0,1,1.0,700000.0,33.0,2121212.0,2.0,350000.0,16.5,,,,,,,,350000.0,16.5,,,,,350000.0,16.5,,,,1.0,1.0,1.0,1.0,1.0,
3,CancerAid,1,115,20-Jun-17,19-Sep-17,20-Jun-17,Health/Wellness,An app that personalises cancer information for patients and caregivers,https://www.canceraid.com,Male,Middle,Eveleigh,NSW,"Dr. Nikhol Pooviah, Dr. Raghav Murali-Ganesh & Dr. Martin Seneviratne",1.0,"749,000",500000.0,10.0,5000000.0,1,1.0,500000.0,10.0,5000000.0,2.0,250000.0,5.0,,,,,,,,,,250000.0,5.0,,,250000.0,5.0,,,,1.0,1.0,1.0,1.0,1.0,
3,MiniClones,1,116,20-Jun-17,19-Sep-17,20-Jun-17,Uncertain/Other,3D scanning which creates replicated figurines,http://www.miniclones.com.au/,Male,Middle,Sydney,NSW,Barry Rahme,0.0,"749,000",125000.0,25.0,500000.0,0,,0.0,,,,,,,,,,,,,,,,,,,,,,,,1.0,1.0,1.0,1.0,1.0,
3,iRecruit,1,117,20-Jun-17,19-Sep-17,20-Jun-17,Software/Tech,Technology that ranks resumes to find best suit job applicant,http://irecruit.net.au/,Male,Middle,Fortitude Valley,QLD,Aleksandar Svetski,0.0,"749,000",200000.0,2.2,9090909.0,0,,0.0,,,,,,,,,,,,,,,,,,,,,,,,1.0,1.0,1.0,1.0,1.0,
3,StrangeGrains,1,118,20-Jun-17,19-Sep-17,20-Jun-17,Food and Beverage,A wholesale artisan bakery selling gluten free bread,https://www.strangegrainsbakery.com.au/,Female,Old,Perth,WA,Jenny Holten,0.0,"749,000",350000.0,10.0,3500000.0,1,1.0,350000.0,25.0,1400000.0,1.0,350000.0,25.0,,,,,,,,,,,,350000.0,25.0,,,,,,1.0,1.0,1.0,1.0,1.0,
3,GenerationOutcastClothing,2,119,20-Jun-17,19-Sep-17,27-Jun-17,Fashion/Beauty,An online women's clothing company,https://outcast-clothing.com/,Mixed Team,Middle,Mermaid Waters,QLD,Paris Marchant & Lawrence Lees,1.0,"737,000",90000.0,10.0,900000.0,1,0.0,0.0,,,,,,,,,,,,,,,,,,,,,,,,1.0,1.0,1.0,1.0,1.0,
3,TheHammbag,2,120,20-Jun-17,19-Sep-17,27-Jun-17,Fashion/Beauty,"An all-in-one hammock, backpack and towel",https://hammbag.com/,Male,Young,Sydney,NSW,Dylan Colman & Tom Smith,1.0,"737,000",45000.0,15.0,300000.0,0,,0.0,,,,,,,,,,,,,,,,,,,,,,,,1.0,1.0,1.0,1.0,1.0,
3,Catch'N'Release,2,121,20-Jun-17,19-Sep-17,27-Jun-17,Green/CleanTech,An anchor retrieval company that eliminates damage to the ocean,https://catchnrelease.com.au/,Couple,Middle,Cairns,QLD,Margaret & Peter Powell,1.0,"737,000",200000.0,20.0,1000000.0,1,1.0,200000.0,100.0,200000.0,1.0,200000.0,100.0,1.0,,,,Naomi,,,,,,,,,200000.0,100.0,,,,1.0,1.0,1.0,1.0,1.0,
3,HooHaaHeadphones,2,122,20-Jun-17,19-Sep-17,27-Jun-17,Electronics,Headphones with a retractable lead,,Male,Middle,,,Capital M,0.0,"737,000",20.0,20.0,100.0,1,1.0,30.0,30.0,100.0,2.0,15.0,15.0,,,,,,,,,,15.0,15.0,15.0,15.0,,,,,,1.0,1.0,1.0,1.0,1.0,
3,HeyDayButter,3,123,20-Jun-17,19-Sep-17,4-Jul-17,Food and Beverage,An artisan brand of gourmet butter,http://heatherday.com.au/,Female,Middle,,SA,Heather Day,0.0,"725,000",50000.0,25.0,200000.0,1,1.0,50000.0,33.0,151515.0,1.0,50000.0,33.0,,,,,,,,,,,,50000.0,33.0,,,,,,1.0,1.0,1.0,1.0,1.0,
3,ThePoleRoom,3,124,20-Jun-17,19-Sep-17,4-Jul-17,Fitness/Sports/Outdoors,A pole dancing for fitness program,https://www.thepoleroom.com.au/,Couple,Middle,Melbourne,VIC,Jasmine Zapka & Andrew Eastoe,1.0,"725,000",100000.0,15.0,666667.0,0,,0.0,,,,,,,,,,Janine,,,,,,,,,,,,,,1.0,1.0,1.0,1.0,1.0,
3,FishFrenz,3,125,20-Jun-17,19-Sep-17,4-Jul-17,Food and Beverage,A wave energy conversion fish feeding pump,https://fishfrenzy.com.au/,Male,Old,Perth,WA,Lourens Badenhorst,0.0,"725,000",56000.0,9.0,622222.0,0,,0.0,,,,,,,,,,,,,,,,,,,,,,,,1.0,1.0,1.0,1.0,1.0,
3,iCapsulate,3,126,20-Jun-17,19-Sep-17,4-Jul-17,Lifestyle/Home,"A coffee company specialising in capsules, pods and roasted beans",,Male,Middle,Sydney,NSW,Kane Bodiam,0.0,"725,000",2500000.0,15.0,16666667.0,1,1.0,2500000.0,22.5,11111111.0,1.0,2500000.0,22.5,,,,,,,,,,2500000.0,22.5,,,,,,,,1.0,1.0,1.0,1.0,1.0,
3,OverTheMoo,4,127,20-Jun-17,19-Sep-17,11-Jul-17,Food and Beverage,Lactose-free coconut milk ice cream,https://www.overthemoo.com.au/,Male,Young,Sydney,NSW,Alex Houseman,0.0,"581,000",250000.0,8.0,3125000.0,1,0.0,0.0,,,,,,,,,,,,,,,,,,,,,,,,1.0,1.0,1.0,1.0,1.0,
3,MiniPallets,4,128,20-Jun-17,19-Sep-17,11-Jul-17,Business Services,Product which raises goods off the ground allowing for easy moving access underneath,https://www.minipallets.com.au/,Male,Old,Adelaide,SA,Peter Kuhlmann,0.0,"581,000",200000.0,20.0,1000000.0,1,1.0,400000.0,40.0,1000000.0,2.0,200000.0,20.0,,,,,,,,,,200000.0,20.0,200000.0,20.0,,,,,,1.0,1.0,1.0,1.0,1.0,
3,tracTAG,4,129,20-Jun-17,19-Sep-17,11-Jul-17,Lifestyle/Home,A QR identification tag,https://en.thnxtags.com/,Female,Middle,Coolum Beach,QLD,Maree Machin,0.0,"581,000",200000.0,10.0,2000000.0,0,,0.0,,,,,,,,,,,,,,,,,,,,,,,,1.0,1.0,1.0,1.0,1.0,
3,Glamazon,4,130,20-Jun-17,19-Sep-17,11-Jul-17,Fashion/Beauty,Online booking company for beauty services,https://glamazon.com.au/,Female,Middle,Sydney,NSW,Lauren Silvers & Lisa Maree Boersma,1.0,"581,000",250000.0,15.0,1666667.0,1,1.0,250000.0,25.0,1000000.0,1.0,250000.0,25.0,,,,,,250000.0,25.0,,,,,,,,,,,,1.0,1.0,1.0,1.0,1.0,
3,iKiFit,5,131,20-Jun-17,19-Sep-17,18-Jul-17,Children/Education,iKiMagic learning program which engages children through music and movement,https://ikimagic.com.au/,Male,Old,Davao,NSW,Kim Macrae,0.0,"546,000",250000.0,10.0,2500000.0,0,,0.0,,,,,,,,,,,,,,,,,,,,,,,,1.0,1.0,1.0,1.0,1.0,
3,KafTanned,5,132,20-Jun-17,19-Sep-17,18-Jul-17,Fashion/Beauty,A line of kaftans to be worn after a spray tan,http://www.kaftanned.com.au/,Female,Young,Brisbane,QLD,Jade Castle,0.0,"546,000",150000.0,10.0,1500000.0,1,1.0,150000.0,25.0,600000.0,1.0,150000.0,25.0,,,100000.0,,,150000.0,25.0,,,,,,,,,,,,1.0,1.0,1.0,1.0,1.0,
3,Cellarwraps,5,133,20-Jun-17,19-Sep-17,18-Jul-17,Liquor/Alcohol,Greeting card labels for bottles of wine,https://www.cellarwraps.com.au,Male,Middle,Brisbane,QLD,Brett Page,0.0,"546,000",170000.0,20.0,850000.0,1,1.0,170000.0,30.0,566667.0,1.0,170000.0,30.0,,,,,,,,,,,,,,170000.0,30.0,,,,1.0,1.0,1.0,1.0,1.0,
3,SleepingDuck,5,134,20-Jun-17,19-Sep-17,18-Jul-17,Lifestyle/Home,A customisable mattress,https://www.sleepingduck.com/,Male,Middle,Prahran,VIC,Winston Wijeyeratne & Selvam Sinnappan,1.0,"546,000",500000.0,5.0,10000000.0,1,0.0,0.0,,,,,,,,,,,,,,,,,,,,,,,,1.0,1.0,1.0,1.0,1.0,
3,Deliciou,6,135,20-Jun-17,19-Sep-17,1-Aug-17,Food and Beverage,A vegetarian bacon flavoured seasoning,https://www.deliciou.com/,Male,Young,Melbourne,VIC,Kjetil Hansen,0.0,"442,000",300000.0,25.0,1200000.0,1,1.0,300000.0,44.0,681818.0,1.0,300000.0,44.0,,,,,,,,,,300000.0,44.0,,,,,,,,1.0,1.0,1.0,1.0,1.0,
3,TheGuitarStrapCo.,6,136,20-Jun-17,19-Sep-17,1-Aug-17,Lifestyle/Home,Custom designed guitar straps,https://www.theguitarstrapco.com/,Male,Middle,Perth,WA,"Tony Croce, Mike Nayer & David Jardine",1.0,"442,000",100000.0,10.0,1000000.0,1,1.0,100000.0,25.0,400000.0,1.0,100000.0,25.0,,,,,,,,100000.0,25.0,,,,,,,,,,1.0,1.0,1.0,1.0,1.0,
3,Zeppee,6,137,20-Jun-17,19-Sep-17,1-Aug-17,Pet Products,An app that connects adoptable pets with potential owners,http://www.zeppee.com.au/,Male,Middle,Chatswood,NSW,Ben Burton,0.0,"442,000",50000.0,10.0,500000.0,0,,0.0,,,,,,,,,,,,,,,,,,,,,,,,1.0,1.0,1.0,1.0,1.0,
3,TheMondayFoodCo.,6,138,20-Jun-17,19-Sep-17,1-Aug-17,Food and Beverage,"Handmade, organic, paleo granola",https://themondayfoodco.com/,Female,Young,Byron Bay,NSW,Indi Sutton,0.0,"442,000",300000.0,25.0,1200000.0,1,1.0,300000.0,40.0,750000.0,1.0,300000.0,40.0,,,200000.0,,,,,,,,,,,300000.0,40.0,,,,1.0,1.0,1.0,1.0,1.0,
3,Cardly,7,139,20-Jun-17,19-Sep-17,8-Aug-17,Lifestyle/Home,An online card sending service,https://www.cardly.net/,Male,Young,Melbourne,VIC,Patrick Gaskin & Tom Clift,1.0,"477,000",250000.0,7.0,3571429.0,1,1.0,250000.0,15.0,1666667.0,1.0,250000.0,15.0,,,100000.0,yes,,,,,,,,250000.0,15.0,,,,,,1.0,1.0,1.0,1.0,1.0,
3,360Gym,7,140,20-Jun-17,19-Sep-17,8-Aug-17,Fitness/Sports/Outdoors,"A portable, outdoor strength training gym",https://www.360gym.com.au/,Male,Young,Ballet,VIC,Brad Webb,0.0,"477,000",200000.0,20.0,1000000.0,0,,0.0,,,,,,,,,,"Steve,Glen",,,,,,,,,,,,,,1.0,1.0,1.0,1.0,1.0,
3,Foddies,7,141,20-Jun-17,19-Sep-17,8-Aug-17,Food and Beverage,A specialty food brand for people with food intolerance and allergies,https://www.foddies.com/,Mixed Team,Young,Albert Park,VIC,Chrissy Glentis & Luke Lucas,1.0,"477,000",100000.0,10.0,1000000.0,1,1.0,100000.0,40.0,250000.0,1.0,100000.0,40.0,,,,,,,,100000.0,40.0,,,,,,,,,,1.0,1.0,1.0,1.0,1.0,
3,BeFitFood,8,142,20-Jun-17,19-Sep-17,15-Aug-17,Fitness/Sports/Outdoors,Meal plan programs for rapid weight loss,https://befitfood.com.au/,Mixed Team,Middle,Mornington,VIC,Kate Save & Dr. Geoffrey Draper,1.0,"464,000",300000.0,20.0,1500000.0,1,1.0,300000.0,33.3,900901.0,1.0,300000.0,33.3,,,100000.0,,,,,300000.0,33.3,,,,,,,,,,1.0,1.0,1.0,1.0,1.0,
3,BeerPal,8,143,20-Jun-17,19-Sep-17,15-Aug-17,Liquor/Alcohol,An app that shows where your favourite beers are on special,https://beerpal.com.au/,Male,Middle,Adelaide,SA,"Paul Cameron, Sam Davies & Seth Tonkin",1.0,"464,000",300000.0,15.0,2000000.0,0,,0.0,,,,,,,,,,,,,,,,,,,,,,,,1.0,1.0,1.0,1.0,1.0,
3,BethanyGrace,8,144,20-Jun-17,19-Sep-17,15-Aug-17,Fashion/Beauty,A natural skincare company,https://www.woodsandwhite.com/,Female,Young,Lismore,NSW,Bethany Grace Spoor,0.0,"464,000",40000.0,30.0,133333.0,0,,0.0,,,,,,,,,,Janine,,,,,,,,,,,,,,1.0,1.0,1.0,1.0,1.0,
3,NevermindAdventure,8,145,20-Jun-17,19-Sep-17,15-Aug-17,Fitness/Sports/Outdoors,A motorcycle touring and leather goods company,https://nevermindadventuretours.com.au/,Male,Middle,Hillarys,WA,Matt Natonewski,0.0,"464,000",200000.0,20.0,1000000.0,1,1.0,200000.0,49.0,408163.0,1.0,200000.0,49.0,,,,,,200000.0,49.0,,,,,,,,,,,,1.0,1.0,1.0,1.0,1.0,
3,Franki+Seoul,9,146,20-Jun-17,19-Sep-17,22-Aug-17,Fashion/Beauty,Natural skin care and beauty products and the latest trends and insights from Korea,,Female,Young,East Fremantle and Hillarys,WA,Jayme & Jenny Park,1.0,"461,000",35000.0,12.0,291667.0,0,,0.0,,,,,,,,,,,,,,,,,,,,,,,,1.0,1.0,1.0,1.0,1.0,
3,JustJerky,9,147,20-Jun-17,19-Sep-17,22-Aug-17,Food and Beverage,An authentic and all-natural beef jerky,https://justjerky.com.au/,Couple,Middle,Perth,WA,Elias Kassas & Elisa Trifunoski,1.0,"461,000",75000.0,20.0,375000.0,1,1.0,75000.0,33.0,227273.0,1.0,75000.0,33.0,,,,,,,,,,,,,,75000.0,33.0,,,,1.0,1.0,1.0,1.0,1.0,
3,WishUWereHereDolls,9,148,20-Jun-17,19-Sep-17,22-Aug-17,Children/Education,Handsewn cushioned dolls for children created with images of family members,https://wishuwereheredolls.com.au/,Female,Young,,,Lauren & Lily Martin,1.0,"461,000",25000.0,20.0,125000.0,1,1.0,25000.0,40.0,62500.0,1.0,25000.0,40.0,,,,yes,,,,,,25000.0,40.0,,,,,,,,1.0,1.0,1.0,1.0,1.0,
3,Speedfit,9,149,20-Jun-17,19-Sep-17,22-Aug-17,Fitness/Sports/Outdoors,A 20 minute intense fitness session using EMS,https://www.speedfit.com.au/,Male,Middle,Perth,WA,Roland Safar & Matej Varhalik,1.0,"461,000",280000.0,10.0,2800000.0,1,0.0,0.0,,,,,,,,,,,,,,,,,,,,,,,,1.0,1.0,1.0,1.0,1.0,
3,PeakChocolate,10,150,20-Jun-17,19-Sep-17,29-Aug-17,Food and Beverage,"A pre-training, high performance chocolate",https://peakchocolate.com.au/,Male,Young,Bondi Junction,NSW,Raph Freedman & Rory Boyden,1.0,"458,000",50000.0,10.0,500000.0,0,,0.0,,,,,,,,,,,,,,,,,,,,,,,,1.0,1.0,1.0,1.0,1.0,
3,CartALot,10,151,20-Jun-17,19-Sep-17,29-Aug-17,Fitness/Sports/Outdoors,A foldable cart,http://www.cart-a-lot.com.au/,Couple,Middle,Adelaide,SA,Anthony & Rebecca Keain,1.0,"458,000",100000.0,10.0,1000000.0,1,1.0,100000.0,40.0,250000.0,1.0,100000.0,40.0,,,,,,,,,,,,100000.0,40.0,,,,,,1.0,1.0,1.0,1.0,1.0,
3,Hummingbird,10,152,20-Jun-17,19-Sep-17,29-Aug-17,Food and Beverage,Raw superfood blendies to add to your smoothie,https://www.hbird.com.au/,Male,Middle,Prahran,VIC,Benjamin Seer,0.0,"458,000",200000.0,10.0,2000000.0,1,0.0,0.0,,,,,,,,,,,,,,,,,,,,,,,,1.0,1.0,1.0,1.0,1.0,
3,ScopeITEducation,10,153,20-Jun-17,19-Sep-17,29-Aug-17,Software/Tech,A company which delivers digital technology lessons to schools,https://www.scopeiteducation.edu.au/,Mixed Team,Middle,Green Point,NSW,Frank Lucisano & Tracy Richardson,1.0,"458,000",632000.0,15.0,4213333.0,1,1.0,632000.0,25.0,2528000.0,1.0,632000.0,25.0,,,,,,632000.0,25.0,,,,,,,,,,,,1.0,1.0,1.0,1.0,1.0,
3,YourFlavour,11,154,20-Jun-17,19-Sep-17,5-Sep-17,Food and Beverage,A range of handmade healthy seasoning products,,Male,Middle,Melbourne,VIC,Ace Ahsan,0.0,"394,000",80000.0,10.0,800000.0,1,1.0,80000.0,40.0,200000.0,1.0,80000.0,40.0,,,,,,,,,,,,80000.0,40.0,,,,,,1.0,1.0,1.0,1.0,1.0,
3,LashULashes,11,155,20-Jun-17,19-Sep-17,5-Sep-17,Fashion/Beauty,Professional eyelash extension training and high quality lash products,https://lubeauty.com.au/,Male,Middle,Adelaide,SA,Brent Thomas,0.0,"394,000",240000.0,10.0,2400000.0,0,,0.0,,,,,,,,,,,,,,,,,,,,,,,,1.0,1.0,1.0,1.0,1.0,
3,Squidezy,11,156,20-Jun-17,19-Sep-17,5-Sep-17,Lifestyle/Home,Squid cleaning tool,https://squidezy.com/,Male,Old,Blackwood,SA,Rodney Cross & Harry Bradford,1.0,"394,000",100000.0,32.0,312500.0,0,,0.0,,,,,,,,,,,,,,,,,,,,,,,,1.0,1.0,1.0,1.0,1.0,
3,MelanieNewman,11,157,20-Jun-17,19-Sep-17,5-Sep-17,Pet Products,SalonEssentials Professional dog grooming products made out of plant-derived ingredients,https://melanienewman.com.au/,Couple,Middle,Melbourne,VIC,Melanie Newman & Cory Boyd,1.0,"394,000",150000.0,20.0,750000.0,1,1.0,150000.0,50.0,300000.0,2.0,75000.0,25.0,,,,,,,,45000.0,15.0,,,,,105000.0,35.0,,,,1.0,1.0,1.0,1.0,1.0,
3,SweetMickie,12,158,20-Jun-17,19-Sep-17,12-Sep-17,Food and Beverage,Personalised & Custom Cookies,https://www.sweetmickie.com/,Female,Middle,Melbourne,VIC,Emma Head,0.0,"470,000",200000.0,20.0,1000000.0,1,1.0,200000.0,46.0,434783.0,2.0,100000.0,23.0,,,,,,,,100000.0,23.0,100000.0,23.0,,,,,,,,1.0,1.0,1.0,1.0,1.0,
3,BuckleMeUp,12,159,20-Jun-17,19-Sep-17,12-Sep-17,Software/Tech,An app enabled seatbelt reminder and alert for passenger cars that pairs with your smartphone via Bluetooth,https://www.bucklemeup.com/,Male,Old,Sydney,NSW,Andrew Leary,0.0,"470,000",390000.0,10.0,3900000.0,1,0.0,0.0,,,,,,,,,,,,,,,,,,,,,,,,1.0,1.0,1.0,1.0,1.0,
3,CrookedCompass,12,160,20-Jun-17,19-Sep-17,12-Sep-17,Fitness/Sports/Outdoors,"Boutique tour operator, specialising in customised and culturally immersive tours",https://www.crooked-compass.com/,Female,Middle,Sydney,NSW,Lisa Pagotto,0.0,"470,000",70000.0,15.0,466667.0,0,,0.0,,,,,,,,,,Naomi,,,,,,,,,,,,,,1.0,1.0,1.0,1.0,1.0,
3,OneTalk,12,161,20-Jun-17,19-Sep-17,12-Sep-17,Software/Tech,"Talking posters operated by touch, that communicate with Aboriginal communities as well as non-English speaking new arrivals to Australia",https://www.onetalktechnology.com.au/,Female,Middle,Darwin,NT,Anya Lorimer,0.0,"470,000",50000.0,20.0,250000.0,1,1.0,50000.0,20.0,250000.0,1.0,50000.0,20.0,,,,,,,,,,,,50000.0,20.0,,,,,,1.0,1.0,1.0,1.0,1.0,
3,JimalieCoconutProducts,13,162,20-Jun-17,19-Sep-17,19-Sep-17,Food and Beverage,A range of premium quality coconut products,https://www.jimalie.com.au/,Male,Middle,Avoca Beach,NSW,Jaypee Abraham,0.0,"389,000",85000.0,20.0,425000.0,1,1.0,85000.0,45.0,188889.0,1.0,85000.0,45.0,,,,,,,,,,,,,,85000.0,45.0,,,,1.0,1.0,1.0,1.0,1.0,
3,FindMyFuture,13,163,20-Jun-17,19-Sep-17,19-Sep-17,Children/Education,Smart online tool for schools and career advisors helps to guide students and those looking to build a new future,,Male,Middle,Surry Hills,NSW,Fergus Creese,0.0,"389,000",300000.0,25.0,1200000.0,0,,0.0,,,,,,,,,,,,,,,,,,,,,,,,1.0,1.0,1.0,1.0,1.0,
3,FreshMeals2U,13,164,20-Jun-17,19-Sep-17,19-Sep-17,Food and Beverage,"All-natural, nutrient-rich freshly prepared meal delivery",https://freshmeals2u.com.au/,Couple,Middle,Gold Coast,QLD,Rick & Tracy Coles,1.0,"389,000",150000.0,10.0,1500000.0,1,1.0,200000.0,25.0,800000.0,2.0,100000.0,12.5,1.0,,,yes,,100000.0,12.5,100000.0,12.5,,,,,,,,,,1.0,1.0,1.0,1.0,1.0,
3,EctoHandPlanes,13,165,20-Jun-17,19-Sep-17,19-Sep-17,Green/CleanTech,A bodysurfing hand plane that's made from recycled surfboards,https://ectohandplanes.com/,Male,Young,Wollongong,NSW,Chris Anderson,0.0,"389,000",100000.0,20.0,500000.0,1,1.0,100000.0,50.0,200000.0,1.0,100000.0,50.0,,,,,,,,,,,,100000.0,50.0,,,,,,1.0,1.0,1.0,1.0,1.0,
4,CoconutBowls,1,166,15-May-18,7-Aug-18,15-May-18,Food and Beverage,Bowls made from coconut,https://www.coconutbowls.com/,Male,Middle,Byron Bay,NSW,Jake Mckeon,0.0,"562,000",300000.0,10.0,3000000.0,1,1.0,300000.0,18.0,1666667.0,2.0,150000.0,9.0,,,,,,,,150000.0,9.0,150000.0,9.0,,,,,,,,1.0,1.0,1.0,1.0,1.0,
4,YourMatesBrewery,1,167,15-May-18,7-Aug-18,15-May-18,Liquor/Alcohol,Brewery and restaurant features a range of craft beers,https://yourmatesbrewing.com/,Male,Middle,Warana,QLD,Christen McGarry & Matt Hepburn,1.0,"562,000",750000.0,25.0,3000000.0,1,0.0,0.0,,,,,,,,,,,,,,,,,,,,,,,,1.0,1.0,1.0,1.0,1.0,
4,BistroMorgan,1,168,15-May-18,7-Aug-18,15-May-18,Food and Beverage,Artisan donut store,https://bistromorgan.com.au/,Male,Young,Melbourne,VIC,Morgan Hipworth,0.0,"562,000",200000.0,20.0,1000000.0,1,0.0,0.0,,,,,,,,,,Janine,,,,,,,,,,,,,,1.0,1.0,1.0,1.0,1.0,
4,TheInappropriateGiftCo.,1,169,15-May-18,7-Aug-18,15-May-18,Lifestyle/Home,Humorous gifts to people with an inappropriate sense of humor,https://theinappropriategiftco.com/,Female,Middle,Gold Coast,QLD,Lori Phegan,0.0,"562,000",100000.0,10.0,1000000.0,1,1.0,250000.0,25.0,1000000.0,1.0,250000.0,25.0,,,,,,,,,,,,250000.0,25.0,,,,,,1.0,1.0,1.0,1.0,1.0,
4,DessertBoxes,2,170,15-May-18,7-Aug-18,22-May-18,Food and Beverage,An online dessert gift-giving store,https://dessertboxes.com.au/,Mixed Team,Young,Sydney,NSW,"Rose, Samantha & Kaisser Khater",1.0,"673,000",300000.0,10.0,3000000.0,1,1.0,300000.0,12.0,2500000.0,1.0,300000.0,12.0,,,,,,,,,,,,300000.0,12.0,,,,,,1.0,1.0,1.0,1.0,1.0,
4,TheTLady,2,171,15-May-18,7-Aug-18,22-May-18,Health/Wellness,"Menopause tea, a herbal tea designed to help relieve symptoms of menopause",https://www.menopauset.com/,Female,Middle,,,Elissa Scott,0.0,"673,000",20000.0,10.0,200000.0,1,1.0,20000.0,20.0,100000.0,1.0,20000.0,20.0,,,,,,,,20000.0,20.0,,,,,,,,,,1.0,1.0,1.0,1.0,1.0,
4,StandInBaby,2,172,15-May-18,7-Aug-18,22-May-18,Children/Education,A newborn training mannequin,https://www.standinbaby.com/,Couple,Middle,Springfield Lakes,QLD,Sandra & Brendon Moffatt,1.0,"673,000",200000.0,20.0,1000000.0,1,1.0,200000.0,20.0,1000000.0,2.0,100000.0,10.0,,,,,,,,,,100000.0,10.0,,,100000.0,10.0,,,,1.0,1.0,1.0,1.0,1.0,
4,MyCube,2,173,15-May-18,7-Aug-18,22-May-18,Business Services,A shared retail store with cubes that are mini shop fronts for micro-retailers,http://www.mycubeshop.com.au/,Mixed Team,Middle,Brisbane,QLD,Stanley Hsu & Lestari Vickers,1.0,"673,000",200000.0,5.0,4000000.0,1,1.0,200000.0,12.5,1600000.0,1.0,200000.0,12.5,,,,,,200000.0,12.5,,,,,,,,,,,,1.0,1.0,1.0,1.0,1.0,
4,TheBodyConsultants,3,174,15-May-18,7-Aug-18,29-May-18,Health/Wellness,A personal training business,https://www.thebodyconsultants.com/,Male,Young,Mandurah,WA,Jack Zuvelek & James Buchanan,1.0,"624,000",500000.0,25.0,2000000.0,0,,0.0,,,,,,,,,,,,,,,,,,,,,,,,1.0,1.0,1.0,1.0,1.0,
4,RatBarrow,3,175,15-May-18,7-Aug-18,29-May-18,Automotive,Ride-on articulated tipping barrow,https://www.ratbarrow.com.au/,Male,Middle,Albury,NSW,Peter Boulton,0.0,"624,000",200000.0,25.0,800000.0,0,,0.0,,,,,,,,,,,,,,,,,,,,,,,,1.0,1.0,1.0,1.0,1.0,
4,TheQuickFlick,3,176,15-May-18,7-Aug-18,29-May-18,Fashion/Beauty,Pre-loaded stamp for creating a winged eyeliner look,https://www.quickbeauty.com/,Female,Young,Perth,WA,Iris Smit,0.0,"624,000",300000.0,10.0,3000000.0,1,1.0,300000.0,27.5,1090909.0,1.0,300000.0,27.5,,,,,,,,,,300000.0,27.5,,,,,,,,1.0,1.0,1.0,1.0,1.0,
4,LifeSizePlans,3,177,15-May-18,7-Aug-18,29-May-18,Business Services,Business projects architectural plans onto the floor of a warehouse,https://www.lifesizeplans.com/,Male,Middle,Auburn,NSW,Chris Ghaleb & Patrick Azzi,1.0,"624,000",2000000.0,20.0,10000000.0,0,,0.0,,,,,,,,,,,,,,,,,,,,,,,,1.0,1.0,1.0,1.0,1.0,
4,KodaSail,4,178,15-May-18,7-Aug-18,5-Jun-18,Business Services,A travel company that provides small group sailing tours in Croatia & Turkey,https://www.kodasail.com/,Male,Middle,Melbourne,VIC,Chris Tabone,0.0,"609,000",180000.0,10.0,1800000.0,1,1.0,180000.0,25.0,720000.0,2.0,90000.0,12.5,,,,,,90000.0,12.5,90000.0,12.5,,,,,,,,,,1.0,1.0,1.0,1.0,1.0,
4,Earsox,4,179,15-May-18,7-Aug-18,5-Jun-18,Health/Wellness,"Ear protection against unwanted hair dye, water and chemicals",,Female,Middle,Surfers Paradise,QLD,Rachel Dorig,0.0,"609,000",350000.0,25.0,1400000.0,0,,0.0,,,,,,,,,,,,,,,,,,,,,,,,1.0,1.0,1.0,1.0,1.0,
4,Donugs,4,180,15-May-18,7-Aug-18,5-Jun-18,Food and Beverage,A chicken nugget and donut combination,https://loveadonug.com/,Male,Middle,Melbourne,VIC,Crag Carrick,0.0,"609,000",100000.0,20.0,500000.0,1,1.0,100000.0,25.0,400000.0,1.0,100000.0,25.0,,,,,,,,,,,,100000.0,25.0,,,,,,1.0,1.0,1.0,1.0,1.0,
4,ISRTraining,4,181,15-May-18,7-Aug-18,5-Jun-18,Business Services,SwishSalesCoaching sales training and recruitment organisation,https://www.swishsalescoaching.com/,Male,Middle,Surfers Paradise,QLD,Jack Corbett,0.0,"609,000",125000.0,20.0,625000.0,1,1.0,187000.0,30.0,623333.0,3.0,62333.33333,10.0,,,,,,62333.33333,10.0,,,62333.33333,10.0,,,62333.33333,10.0,,,,1.0,1.0,1.0,1.0,1.0,
4,Subo,5,182,15-May-18,7-Aug-18,12-Jun-18,Food and Beverage,Non-squeeze food bottle,https://suboproducts.com.au/,Couple,Middle,Melbourne,VIC,Julie-Anne & Glen Mayer,1.0,"670,000",120000.0,12.0,1000000.0,1,1.0,120000.0,12.0,1000000.0,1.0,120000.0,12.0,,,,,,120000.0,12.0,,,,,,,,,,,,1.0,1.0,1.0,1.0,1.0,
4,DeliciousFoodsAustralia,5,183,15-May-18,7-Aug-18,12-Jun-18,Food and Beverage,A healthy range of pre-packaged meals,https://www.deliciousfoodsaustralia.com/,Female,Old,Sydney,NSW,Nicole Mahler,0.0,"670,000",100000.0,10.0,1000000.0,1,1.0,100000.0,25.0,400000.0,1.0,100000.0,25.0,,,,,,,,100000.0,25.0,,,,,,,,,,1.0,1.0,1.0,1.0,1.0,
4,DoubleChuckDrill,5,184,15-May-18,7-Aug-18,12-Jun-18,Electronics,A drill uses an electronic switch to disengage one chuck and flick the second chuck into position,,Male,Old,Melbourne,VIC,John Whitehead & Bill Allardyce,1.0,"670,000",90000.0,25.0,360000.0,0,,0.0,,,,,,,,,,,,,,,,,,,,,,,,1.0,1.0,1.0,1.0,1.0,
4,WearableX,6,185,15-May-18,7-Aug-18,19-Jun-18,Health/Wellness,woven-in technology to yoga pants with sensors that connect to an app,https://www.wearablex.com/,Female,Middle,Sydney,NSW,Billie Whitehouse	,0.0,"623,000",1800000.0,18.0,10000000.0,0,,0.0,,,,,,,,,,,,,,,,,,,,,,,,1.0,1.0,1.0,1.0,1.0,
4,GanacheChocolate,6,186,15-May-18,7-Aug-18,19-Jun-18,Food and Beverage,"Handmade, small-batch range of chocolate and pantry products",https://ganache.com.au/,Male,Middle,South Yarra,VIC,Arno Backes,0.0,"623,000",600000.0,40.0,1500000.0,1,1.0,600000.0,40.0,1500000.0,1.0,600000.0,40.0,,,,yes,,,,600000.0,40.0,,,,,,,,,,1.0,1.0,1.0,1.0,1.0,
4,TheClotheslineBrolley,6,187,15-May-18,7-Aug-18,19-Jun-18,Lifestyle/Home,A cover for clotheslines out of clear PVC,,Female,Middle,,,Liana Wynne,0.0,"623,000",122000.0,40.0,305000.0,0,,0.0,,,,,,,,,,,,,,,,,,,,,,,,1.0,1.0,1.0,1.0,1.0,
4,Vodka+,6,188,15-May-18,7-Aug-18,19-Jun-18,Health/Wellness,A healthy alternative to alcohol,https://vodkaplus.com.au/,Male,Middle,Melbourne,VIC,Dave Nelson & Marko Pavasovic,1.0,"623,000",250000.0,10.0,2500000.0,1,0.0,0.0,,,,,,,,,,,,,,,,,,,,,,,,1.0,1.0,1.0,1.0,1.0,
4,Gamify,7,189,15-May-18,7-Aug-18,26-Jun-18,Software/Tech,"Branded, personalised video games for companies",https://www.gamify.com/,Male,Middle,Sydney,NSW,Jonny Shannon & Tony Walden,1.0,"658,000",200000.0,10.0,2000000.0,1,0.0,0.0,,,,,,,,,,Naomi,,,,,,,,,,,,,,1.0,1.0,1.0,1.0,1.0,
4,SunburstOutdoorLiving,7,190,15-May-18,7-Aug-18,26-Jun-18,Lifestyle/Home,Outdoor cushion designs,https://www.sunburstoutdoorliving.com/,Female,Middle,Bribie Island,QLD,Tanya Wood,0.0,"658,000",40000.0,20.0,200000.0,1,1.0,40000.0,30.0,133333.0,1.0,40000.0,30.0,,,,,,,,,,,,40000.0,30.0,,,,,,1.0,1.0,1.0,1.0,1.0,
4,RefreshMobileCarDetailing,7,191,15-May-18,7-Aug-18,26-Jun-18,Automotive,"An on-demand, car detailing service",https://www.refreshvalet.com/,Male,Middle,Richmond,VIC,Harrison Lingard,0.0,"658,000",400000.0,20.0,2000000.0,0,,0.0,,,,,,,,,,,,,,,,,,,,,,,,1.0,1.0,1.0,1.0,1.0,
4,TheBosscoop,7,192,15-May-18,7-Aug-18,26-Jun-18,Fitness/Sports/Outdoors,A workout supplements scoop,https://bosscoop.com/,Couple,Middle,Sydney,NSW,Sam & Hannah Priestly,1.0,"658,000",25000.0,25.0,100000.0,1,1.0,25000.0,40.0,62500.0,2.0,12500.0,20.0,,,,,,12500.0,20.0,,,12500.0,20.0,,,,,,,,1.0,1.0,1.0,1.0,1.0,
4,KidsCo,8,193,15-May-18,7-Aug-18,3-Jul-18,Children/Education,A school holiday childcare program,https://www.kidsco.net.au/,Male,Middle,Melbourne,VIC,Laynton Allan & Adrian Rokman,1.0,"571,000",375000.0,15.0,2500000.0,1,1.0,375000.0,25.0,1500000.0,1.0,375000.0,25.0,,,75000.0,,,,,,,,,,,375000.0,25.0,,,,1.0,1.0,1.0,1.0,1.0,
4,IceBucketSkins,8,194,15-May-18,7-Aug-18,3-Jul-18,Health/Wellness,A stubby holder for an ice bucket,,Female,Middle,,,Heidi Loy,0.0,"571,000",260000.0,10.0,2600000.0,0,,0.0,,,,,,,,,,,,,,,,,,,,,,,,1.0,1.0,1.0,1.0,1.0,
4,BareAndBoho,8,195,15-May-18,7-Aug-18,3-Jul-18,Green/CleanTech,"Reusable, eco-friendly products for mothers and babies",https://bareandboho.com.au/,Female,Middle,Brisbane,QLD,Jordan McGregor,0.0,"571,000",85000.0,30.0,283333.0,1,1.0,85000.0,30.0,283333.0,1.0,85000.0,30.0,,,55000.0,,,,,,,,,,,85000.0,30.0,,,,1.0,1.0,1.0,1.0,1.0,
4,Bricks+Agent,8,196,15-May-18,7-Aug-18,3-Jul-18,Business Services,Consumers and businesses to be matched with qualified trades people,https://www.bricksandagent.com/,Male,Middle,Melbourne,VIC,Jon Stul & Rafael Niesten,1.0,"571,000",250000.0,10.0,2500000.0,1,1.0,250000.0,16.0,1562500.0,1.0,250000.0,16.0,,,,,,,,,,250000.0,16.0,,,,,,,,1.0,1.0,1.0,1.0,1.0,
4,FluAway48,9,197,15-May-18,7-Aug-18,10-Jul-18,Health/Wellness,An all-natural cold and flu medication,,Couple,Middle,Perth,WA,Nicole & Steve Jones,1.0,"534,000",1500000.0,20.0,7500000.0,0,,0.0,,,,,,,,,,,,,,,,,,,,,,,,1.0,1.0,1.0,1.0,1.0,
4,Michael&George,9,198,15-May-18,7-Aug-18,10-Jul-18,Children/Education,Lamp shaped like a pencil,https://www.michaelandgeorge.com/,Couple,Middle,Sydney,NSW,Michael & Georgie Gettings,1.0,"534,000",90000.0,15.0,600000.0,0,,0.0,,,,,,,,,,,,,,,,,,,,,,,,1.0,1.0,1.0,1.0,1.0,
4,TheSwag,9,199,15-May-18,7-Aug-18,10-Jul-18,Lifestyle/Home,A fridge bag that holds moisture to prevent fruit and vegetables from going off,https://www.theswag.com.au/,Female,Middle,Sydney,NSW,Peita Pini,0.0,"534,000",300000.0,10.0,3000000.0,1,1.0,150000.0,25.0,600000.0,1.0,150000.0,25.0,,,,,,,,,,,,,,150000.0,25.0,,,,1.0,1.0,1.0,1.0,1.0,
4,TheMasonBaker,9,200,15-May-18,7-Aug-18,10-Jul-18,Food and Beverage,Handmade jarcakes,https://themasonbaker.com.au/,Male,Middle,Tennyson,QLD,James Willis,0.0,"534,000",50000.0,15.0,333333.0,1,1.0,100000.0,30.0,333333.0,2.0,50000.0,15.0,,,,,,,,,,50000.0,15.0,50000.0,15.0,,,,,,1.0,1.0,1.0,1.0,1.0,
4,JarEducation,10,201,15-May-18,7-Aug-18,17-Jul-18,Children/Education,"teaches school kids classes in digital technologies, drone kit",https://www.jar-education.com.au/,Male,Young,Caringbah,NSW,"Daniel, Lochie, Sam & Jack",1.0,"534,000",250000.0,5.0,5000000.0,0,,0.0,,,,,,,,,,,,,,,,,,,,,,,,1.0,1.0,1.0,1.0,1.0,
4,iLoveEarth,10,202,15-May-18,7-Aug-18,17-Jul-18,Green/CleanTech,"Crumple Collapsible, resuseable coffee cups",https://crumple.com.au/,Female,Middle,Melbourne,VIC,Irina Zikner & Lilly Stesin,1.0,"534,000",110000.0,30.0,366667.0,0,,0.0,,,,,,,,,,,,,,,,,,,,,,,,1.0,1.0,1.0,1.0,1.0,
4,Things4Bubs,10,203,15-May-18,7-Aug-18,17-Jul-18,Children/Education,Wholesaling distribution business of baby goods,http://www.things4bubs.com.au/,Female,Middle,Paddington,NSW,Caroline Africh,0.0,"534,000",250000.0,25.0,1000000.0,1,1.0,250000.0,30.0,833333.0,1.0,250000.0,30.0,,,,,,,,,,250000.0,30.0,,,,,,,,1.0,1.0,1.0,1.0,1.0,
4,SnapSocial,10,204,15-May-18,7-Aug-18,17-Jul-18,Business Services,An interactive display in retail stores,https://snapsocial.wixsite.com/snapsocial,Male,Middle,Sydney,NSW,Hugh Campbell,0.0,"534,000",100000.0,20.0,500000.0,1,1.0,100000.0,33.0,303030.0,1.0,100000.0,33.0,,,,,,,,,,,,100000.0,33.0,,,,,,1.0,1.0,1.0,1.0,1.0,
4,FroPro,11,205,15-May-18,7-Aug-18,24-Jul-18,Food and Beverage,Sugar-free high-protein ice cream brand,https://gofropro.com/,Male,Middle,Brisbane,QLD,Ed O’Donoghue,0.0,"499,000",250000.0,10.0,2500000.0,1,1.0,250000.0,20.0,1250000.0,1.0,250000.0,20.0,,,,,,,,,,,,,,250000.0,20.0,,,,1.0,1.0,1.0,1.0,1.0,
4,MickeyBluAustralia,11,206,15-May-18,7-Aug-18,24-Jul-18,Fitness/Sports/Outdoors,Portable generators for caravans and campers,https://www.mickeybluaustralia.com.au/,Male,Middle,Perth,WA,Mick Ryan,0.0,"499,000",2500000.0,50.0,5000000.0,0,,0.0,,,,,,,,,,,,,,,,,,,,,,,,1.0,1.0,1.0,1.0,1.0,
4,SpacetoCo,11,207,15-May-18,7-Aug-18,24-Jul-18,Business Services,An business that matches people with function spaces available for short-term hire,https://www.spacetoco.com/,Male,Middle,Perth,WA,"Daniel Franco, Jeremy Hurst & Daniel McCullen",1.0,"499,000",210000.0,14.0,1500000.0,1,1.0,210000.0,20.0,1050000.0,1.0,210000.0,20.0,,,,yes,,210000.0,20.0,,,,,,,,,,,,1.0,1.0,1.0,1.0,1.0,
4,HTZHotTeaze,11,208,15-May-18,7-Aug-18,24-Jul-18,Fashion/Beauty,htzHair hairdressing tool which adds body and volume to the hair,https://www.htzhair.com/,Female,Middle,Perth,WA,Annie Vine & Janet Cocks,1.0,"499,000",500000.0,5.0,10000000.0,0,,0.0,,,,,,,,,,,,,,,,,,,,,,,,1.0,1.0,1.0,1.0,1.0,
4,FrontierPets,12,209,15-May-18,7-Aug-18,31-Jul-18,Pet Products,Organic freeze-dried dog food,https://frontierpets.com.au/,Female,Middle,Brisbane,QLD,Diana Scott,0.0,"440,000",608000.0,23.0,2643478.0,0,,0.0,,,,,,,,,,,,,,,,,,,,,,,,1.0,1.0,1.0,1.0,1.0,
4,WrinklesSchminkles,12,210,15-May-18,7-Aug-18,31-Jul-18,Fashion/Beauty,Silicon patches for women,https://wrinklesschminkles.com/,Female,Middle,Sydney,NSW,Gabrielle Requena,0.0,"440,000",300000.0,17.0,1764706.0,0,,0.0,,,,,,,,,,,,,,,,,,,,,,,,1.0,1.0,1.0,1.0,1.0,
4,HexPegs,12,211,15-May-18,7-Aug-18,31-Jul-18,Fitness/Sports/Outdoors,Caravan and camping peg,https://hexpegs.com.au/,Male,Middle,,,Damian Joyce,0.0,"440,000",80000.0,20.0,400000.0,1,1.0,80000.0,40.0,200000.0,1.0,80000.0,40.0,,,,,,,,,,,,,,80000.0,40.0,,,,1.0,1.0,1.0,1.0,1.0,
4,MinnowDesigns,12,212,15-May-18,7-Aug-18,31-Jul-18,Children/Education,Protective beach shoes for kids,https://minnowdesigns.com.au/,Female,Middle,Sydney,NSW,Lorraine Cherry-Nguyen & Stacey Fisher,1.0,"440,000",70000.0,20.0,350000.0,0,,0.0,,,,,,,,,,Naomi,,,,,,,,,,,,,,1.0,1.0,1.0,1.0,1.0,
4,BirthBeat,13,213,15-May-18,7-Aug-18,7-Aug-18,Children/Education,Online birth education site,https://www.birthbeat.com/,Female,Middle,Tamworth,NSW,Edwina Sharrock,0.0,"371,000",200000.0,10.0,2000000.0,1,1.0,200000.0,20.0,1000000.0,1.0,200000.0,20.0,,,100000.0,,,,,200000.0,20.0,,,,,,,,,,1.0,1.0,1.0,1.0,1.0,
4,Pod&Parcel,13,214,15-May-18,7-Aug-18,7-Aug-18,Green/CleanTech,Environmentally friendly coffee pods,https://au.podandparcel.com/,Male,Middle,Melbourne,VIC,Jai Felinski & Ben Goodman,1.0,"371,000",100000.0,15.0,666667.0,1,1.0,100000.0,30.0,333333.0,1.0,100000.0,30.0,,,,,,,,,,,,100000.0,30.0,,,,,,1.0,1.0,1.0,1.0,1.0,
4,TheSeekSociety,13,215,15-May-18,7-Aug-18,7-Aug-18,Fitness/Sports/Outdoors,Earth conscious camping and outdoor canvas tents,https://theseeksociety.com/,Female,Middle,Byron Bay,NSW,Phoebe Colbrelli-Cox & Charity Turner,1.0,"371,000",200000.0,30.0,666667.0,0,,0.0,,,,,,,,,,,,,,,,,,,,,,,,1.0,1.0,1.0,1.0,1.0,
4,QPay,13,216,15-May-18,7-Aug-18,7-Aug-18,Children/Education,Student marketplace and payments app,https://getqpay.com/,Male,Young,Sydney,NSW,"Andrew Clapham, Moe Satti, & Zakaria Bouguettaya",1.0,"371,000",380000.0,8.4,4523810.0,1,1.0,380000.0,8.4,4523810.0,2.0,190000.0,4.2,,,,,,190000.0,4.2,,,,,190000.0,4.2,,,,,,1.0,1.0,1.0,1.0,1.0,
5,BoringWithoutYou,1,217,29-Aug-23,17-Oct-23,29-Aug-23,Fashion/Beauty,Skincare products for combination skin types,https://www.boringwithoutyou.com/,Male,Middle,Melbourne,VIC,Davey,0.0,"237,000",36000.0,20.0,180000.0,1,1.0,50000.0,20.0,250000.0,1.0,50000.0,20.0,,,,,,,,,,,,,,,,50000.0,20.0,Davie Fogarty,,,,,,5.0
5,Stryda,1,218,29-Aug-23,17-Oct-23,29-Aug-23,Fashion/Beauty,Specialised insoles,https://stryda.com.au/,Male,Middle,Rosanna,VIC,Tan,0.0,"237,000",50000.0,10.0,500000.0,1,1.0,50000.0,30.0,166667.0,4.0,12500.0,7.5,1.0,,,,,,,,,,,,,,,50000.0,30.0,"Davie Fogarty,JaneLu,Robert Herjavec,Sabri Suby",,,,,,5.0
5,PunchingPro,1,219,29-Aug-23,17-Oct-23,29-Aug-23,Software/Tech,Robotic sparring device,,Male,Middle,Perth,WA,Kris Tressider,0.0,"237,000",200000.0,20.0,1000000.0,0,,0.0,,,,,,,,,,,,,,,,,,,,,,,,,,,,,5.0
5,Pixxie,2,220,29-Aug-23,17-Oct-23,5-Sep-23,Media/Entertainment,Portable movie projector,https://www.pixxie.com/,Female,Middle,Brisbane,QLD,Poppy,0.0,"262,000",500000.0,30.0,1666667.0,0,,0.0,,,,,,,,,,,,,,,,,,,,,,,,,,,,,5.0
5,Sundust,2,221,29-Aug-23,17-Oct-23,5-Sep-23,Fashion/Beauty,Sun safety products for kids and adults,https://www.sundust.com.au/,Female,Middle,Perth,WA,Stephanie,0.0,"262,000",100000.0,20.0,500000.0,1,1.0,100000.0,75.0,133333.0,1.0,100000.0,75.0,,,,yes,,,,,,,,,,,,100000.0,75.0,Robert Herjavec,,,,,,5.0
5,Pum'sKitchen,2,222,29-Aug-23,17-Oct-23,5-Sep-23,Food and Beverage,Home style thai ready made meals and cooking sauces,https://pumskitchen.com.au/,Couple,Middle,Maroochydore,QLD,Chris & Pum,1.0,"262,000",200000.0,20.0,1000000.0,0,,0.0,,,,,,,,,,,,,,,,,,,,,,,,,,,,,5.0
5,GlossyBoys,2,223,29-Aug-23,17-Oct-23,5-Sep-23,Fashion/Beauty,At-home gel self-inking Gel Nail Polish Pens,https://www.glossyboys.com.au/,Mixed Team,Young,Perth,WA,Lucase Lane & Brianna,1.0,"262,000",25000.0,5.0,500000.0,1,1.0,75000.0,20.0,375000.0,3.0,25000.0,6.666666667,,,,,,,,,,,,,,,,75000.0,20.0,"Catriona Wallace,Davie Fogarty,Jane Lu",,,,,,5.0
5,FireHalo,3,224,29-Aug-23,17-Oct-23,12-Sep-23,Uncertain/Other,Tool to protect buildings during a bushfire flying ember attack,https://firehalo.com.au/,Male,Middle,Lithgow,NSW,Frank & Frank,1.0,"261,000",100000.0,20.0,500000.0,1,1.0,150000.0,33.0,454545.0,1.0,150000.0,33.0,,,,,,,,,,,,,,,,150000.0,33.0,Robert Herjavec,,,,,,5.0
5,tinyScienceLab,3,225,29-Aug-23,17-Oct-23,12-Sep-23,Children/Education,Science equipment which enhances the hands-on practical experience for all students,https://www.tinysciencelab.com.au/,Mixed Team,Middle,Sydney,NSW,Jacob & Mikala,1.0,"261,000",1000000.0,20.0,5000000.0,0,,0.0,,,,,,,,,,,,,,,,,,,,,,,,,,,,,5.0
5,catchy,3,226,29-Aug-23,17-Oct-23,12-Sep-23,Children/Education,Highchair food catcher,https://catchyandcrew.com.au/,Couple,Middle,Sydney,NSW,Rachel & Brad,1.0,"261,000",300000.0,2.0,15000000.0,1,1.0,300000.0,5.0,6000000.0,2.0,150000.0,2.5,,,,,,,,,,,,,,,,300000.0,5.0,"Davie Fogarty,Robert Herjavec",,,,,,5.0
5,Nevabuds,3,227,29-Aug-23,17-Oct-23,12-Sep-23,Software/Tech,Invention that will keep earbuds together,https://nevabuds.com.au/,Male,Middle,Gold Coast,QLD,Nevada,0.0,"261,000",28000.0,40.0,70000.0,1,1.0,28000.0,49.0,57143.0,1.0,28000.0,49.0,,,,,,,,,,,,,,,,28000.0,49.0,Catriona Wallace,,,,,,5.0
5,AIToolkit,4,228,29-Aug-23,17-Oct-23,19-Sep-23,Software/Tech,Toolkit providing teachers AI tools,,Male,Middle,,,James King,0.0,"223,000",250000.0,10.0,2500000.0,0,,0.0,,,,,,,,,,,,,,,,,,,,,,,,,,,,,5.0
5,Kaasida,4,229,29-Aug-23,17-Oct-23,19-Sep-23,Uncertain/Other,Indian embroidery fashion company,https://kaasida.com/,Female,Middle,Perth,WA,Akanksha,0.0,"223,000",35000.0,10.0,350000.0,1,1.0,35000.0,30.0,116667.0,1.0,35000.0,30.0,,,,,,,,,,,,,,,,35000.0,30.0,Catriona Wallace,,,,,,5.0
5,TheBeanies,4,230,29-Aug-23,17-Oct-23,19-Sep-23,Media/Entertainment,Kid's entertainment company,https://thebeanies.com.au/,Mixed Team,Young,Sydney,NSW,,1.0,"223,000",150000.0,10.0,1500000.0,1,1.0,150000.0,40.0,375000.0,3.0,50000.0,13.33333333,,,,,,,,,,,,,,,,150000.0,40.0,"Davie Fogarty,Jane Lu,Robert Herjavec",,,,,,5.0
5,MimiAndCo,5,231,29-Aug-23,17-Oct-23,26-Sep-23,Children/Education,Reusable baby nappies,https://mimiandco.com.au/,Female,Young,Canberra,NSW,Aami Mills,0.0,"216,000",100000.0,10.0,1000000.0,1,1.0,100000.0,30.0,333333.0,2.0,50000.0,15.0,,,,,,,,,,,,,,,,100000.0,30.0,"Davie Fogarty,Jane Lu",,,,,,5.0
5,WuliGrooming,5,232,29-Aug-23,17-Oct-23,26-Sep-23,Fashion/Beauty,Specialised in curly hair care and Vegan personal care,https://www.wuligrooming.com/,Male,Middle,Sydney,NSW,Amadou,0.0,"216,000",150000.0,15.0,1000000.0,1,1.0,150000.0,40.0,375000.0,1.0,150000.0,40.0,1.0,,,,,,,,,,,,,,,150000.0,40.0,Sabri Suby,,,,,,5.0
5,Mearth,5,233,29-Aug-23,17-Oct-23,26-Sep-23,Automotive/Vehicles,e-scooter,https://www.mearth.com.au/,Male,Young,Alexandria,NSW,Ming,0.0,"216,000",250000.0,1.8,13888889.0,0,,0.0,,,,,,,,,,,,,,,,,,,,,,,,,,,,,5.0
5,EasyTattInc,6,234,29-Aug-23,17-Oct-23,3-Oct-23,Fashion/Beauty,Temporary tattoos,https://www.easytatt.com.au/,Male,Young,Adelaide,SA,Pascal,0.0,"279,000",300000.0,15.0,2000000.0,1,0.0,0.0,,,,,,,,,,,,,,,,,,,,,,,,,,,,,5.0
5,CinnamonCove,6,235,29-Aug-23,17-Oct-23,3-Oct-23,Fashion/Beauty,Swimwear brand for tweens,https://cinnamoncove.com.au/,Female,Young,Newcastle,NSW,Myla & Liv,1.0,"279,000",80000.0,30.0,266667.0,1,1.0,80000.0,33.0,242424.0,2.0,40000.0,16.5,,,,,,,,,,,,,,,,80000.0,33.0,"Davie Fogarty,Catriona Wallace",,,,,,5.0
5,ContourCube,6,236,29-Aug-23,17-Oct-23,3-Oct-23,Fashion/Beauty,"Ice facial tool designed to contour and sculpt face, de-puff eye bags and add radiance to skin",https://contourcube.com/,Couple,Middle,Sydney,NSW,Sarah & Lewis,1.0,"279,000",250000.0,10.0,2500000.0,1,1.0,375000.0,30.0,1250000.0,4.0,93750.0,7.5,,,,,,,,,,,,,,,,375000.0,30.0,"Davie Fogarty,Jane Lu,Robert Herjavec,Sabri Suby",,,,,,5.0
5,35MMCo,7,237,29-Aug-23,17-Oct-23,10-Oct-23,Lifestyle/Home,Coffee Table Photo Album,https://35mmco.com/,Female,Young,Melbourne,VIC,Madi,0.0,"227,000",300000.0,10.0,3000000.0,1,1.0,300000.0,17.5,1714286.0,2.0,150000.0,8.75,,,,,,,,,,,,,,,,300000.0,17.5,"Jane Lu,Robert Herjavec",,,,,,5.0
5,SockDrawerHeroes,7,238,29-Aug-23,17-Oct-23,10-Oct-23,Fashion/Beauty,Gender expression company,https://sockdrawerheroes.com/,Couple,Middle,Petersham,NSW,Erin & Bec,1.0,"227,000",120000.0,7.5,1600000.0,1,1.0,120000.0,16.0,750000.0,2.0,60000.0,8.0,,,,,,,,,,,,,,,,120000.0,16.0,"Jane Lu,Catriona Wallace",,,,,,5.0
5,HolidayCelebrationTrees,7,239,29-Aug-23,17-Oct-23,10-Oct-23,Business Services,"Seasonal, space-saving Christmas trees",https://holidaycelebrationtrees.com/,Female,Middle,Sydney,NSW,Katie Rawal,0.0,"227,000",300000.0,15.0,2000000.0,1,1.0,300000.0,30.0,1000000.0,2.0,150000.0,15.0,1.0,,,,,,,,,,,,,,,300000.0,30.0,"Davie Fogarty,Robert Herjavec",,,,,,5.0
5,Vanable,7,240,29-Aug-23,17-Oct-23,10-Oct-23,Business Services,Custom van conversion business,https://vanable.com.au/,Male,Middle,Waterloo,NSW,Seb,0.0,"227,000",300000.0,5.0,6000000.0,1,0.0,0.0,,,,,,,,,,,,,,,,,,,,,,,,,,,,,5.0
5,Brandscent,8,241,29-Aug-23,17-Oct-23,17-Oct-23,Business Services,Scent-based marketing and psychology,https://www.brandscent.com.au/,Couple,Middle,Truganina,VIC,Suji & Jeeva,1.0,"239,000",150000.0,10.0,1500000.0,1,1.0,175000.0,25.0,700000.0,1.0,175000.0,25.0,,,,,,,,,,,,,,,,175000.0,25.0,Robert Herjavec,,,,,,5.0
5,GetDown,8,242,29-Aug-23,17-Oct-23,17-Oct-23,Lifestyle/Home,Selling condoms marketed to women,https://getdown.com.au/,Female,Middle,Mount Beauty,VIC,Kat,0.0,"239,000",160000.0,20.0,800000.0,1,1.0,160000.0,40.0,400000.0,2.0,80000.0,20.0,1.0,,,,,,,,,,,,,,,160000.0,40.0,"Jane Lu,Sabri Suby",,,,,,5.0
5,Fydoo,8,243,29-Aug-23,17-Oct-23,17-Oct-23,Pet Products,Self-Cleaning Dog Toilet,https://fydoo.com/,Male,Middle,Sydney,NSW,Sebastian,0.0,"239,000",250000.0,20.0,1250000.0,1,1.0,250000.0,40.0,625000.0,1.0,250000.0,40.0,,,,,,,,,,,,,,,,250000.0,40.0,Davie Fogarty,,,,,,5.0
5,YaalaSparkling,8,244,29-Aug-23,17-Oct-23,17-Oct-23,Food and Beverage,"Taste of native Australian botanicals through our authentic, healthy and delicious drinks",https://yaalasparkling.com/,Female,Middle,Brisbane,QLD,Tara & Mel,1.0,"239,000",125000.0,10.0,1250000.0,1,1.0,125000.0,20.0,625000.0,2.0,62500.0,10.0,1.0,,,,,,,,,,,,,,,125000.0,20.0,"Jane Lu,Catriona Wallace",,,,,,5.0
6,ClutchGlue,1,245,16-Oct-24,11-Dec-24,16-Oct-24,Fashion/Beauty,"powerful, skin-safe, and environmentally friendly skin care products",,Female,Middle,Sydney,NSW,Annabel,0.0,,400000.0,20.0,2000000.0,1,1.0,400000.0,20.0,2000000.0,2.0,200000.0,10.0,,,,,,,,,,,,,,,,400000.0,20.0,"Davie Fogarty,Robert Herjavec",,,,,,5.0
6,Marrowz,1,246,16-Oct-24,11-Dec-24,16-Oct-24,Pet Products,"natural, marrow-based dog chews",,,,Helensburgh,NSW,Brooke Jones,0.0,,200000.0,10.0,2000000.0,1,1.0,200000.0,25.0,800000.0,1.0,200000.0,25.0,,,,,,,,,,,,,,,,200000.0,25.0,Davie Fogarty,,,,,,5.0
6,KosiAustralia,1,247,16-Oct-24,11-Dec-24,16-Oct-24,Health/Wellness,for women battling chronic period pain,https://kosi.au/,Female,Middle,,,Kellie Johnson,0.0,,50000.0,10.0,500000.0,1,1.0,50000.0,20.0,250000.0,1.0,50000.0,20.0,,,,,,,,,,,,,,,,50000.0,20.0,Jane Lu,,,,,,5.0
6,Muse,1,248,16-Oct-24,11-Dec-24,16-Oct-24,Fashion/Beauty,semi-permanent DIY hair kits hair extension,,Couple,Middle,Newcastle,NSW,Steph & Paul McCleary,1.0,,200000.0,20.0,1000000.0,1,1.0,200000.0,20.0,1000000.0,2.0,100000.0,10.0,,,,,,,,,,,,,,,,200000.0,20.0,"Davie Fogarty,Robert Herjavec",,,,,,5.0
6,Solestream,2,249,16-Oct-24,11-Dec-24,23-Oct-24,Business Services,innovative hydration system for motorbike and mountain bikes,https://solestream.com.au/,Male,Middle,,NSW,Rick Soley,0.0,,250000.0,20.0,1250000.0,0,,0.0,,,,,,,,,,,,,,,,,,,,,,,,,,,,,5.0
6,KingsofNeon,2,250,16-Oct-24,11-Dec-24,23-Oct-24,Business Services,neon signs lights,https://www.kingsofneon.com.au/,Male,Middle,Tuggerah,NSW,Steve Pastor,0.0,,300000.0,3.0,10000000.0,1,0.0,0.0,,,,,,,,,,,,,,,,,,,,,,,,,,,,,5.0
6,KronosGolf,2,251,16-Oct-24,11-Dec-24,23-Oct-24,Fitness/Sports/Outdoors,hand-finished putters Golf putter,https://kronosgolf.com/home,Male,Young,,,Phillip Lapuz & Eric Williams,1.0,,150000.0,15.0,1000000.0,1,1.0,150000.0,30.0,500000.0,1.0,150000.0,30.0,,,,,,,,,,,,,,,,150000.0,30.0,Robert Herjavec,,,,,,5.0
6,Loogeenie,2,252,16-Oct-24,11-Dec-24,23-Oct-24,Lifestyle/Home,built-in detergent dispenser,https://www.loogeenie.com/,Male,Old,,,Aldo Werjutina & Joe Pittorini,1.0,,,,,0,,0.0,,,,,,,,,,,,,,,,,,,,,,,,,,,,,5.0
6,Flashback,3,253,16-Oct-24,11-Dec-24,30-Oct-24,Lifestyle/Home,vintage digital camera ONE35,,Male,Young,Brisbane,QLD,Kelric & Mackenzie,1.0,,500000.0,7.0,7142857.0,1,1.0,500000.0,10.0,5000000.0,1.0,500000.0,10.0,,,,,,,,,,,,,,,,500000.0,10.0,Maxine Horne,,,,,,5.0
6,ENAUTIC,3,254,16-Oct-24,11-Dec-24,30-Oct-24,Fitness/Sports/Outdoors,two-seater electric hydrofoil,https://enautic.co/,Male,Middle,Booragoon,WA,Paul Steinmann & Joshua Cribb,1.0,,1000000.0,6.0,16666667.0,0,,0.0,,,,,,,,,,,,,,,,,,,,,,,,,,,,,5.0
6,DunnyBuddy,3,255,16-Oct-24,11-Dec-24,30-Oct-24,Lifestyle/Home,bathroom outdoor toilet accessories,https://www.dunnybuddy.com.au/,Male,Middle,Melbourne,VIC,Darren Storace,0.0,,75000.0,15.0,500000.0,1,1.0,75000.0,20.0,375000.0,2.0,37500.0,10.0,,,,,,,,,,,,,,,,75000.0,20.0,"Nick Bell,Maxine Horne",,,,,,5.0
6,CoastofGold,3,256,16-Oct-24,11-Dec-24,30-Oct-24,Food and Beverage,West African cuisine condiment market sauces,https://coastofgold.com.au/,Female,Middle,Waverley,NSW,Genevieve Muir,0.0,,80000.0,10.0,800000.0,0,,0.0,,,,,,,,,,,,,,,,,,,,,,,,,,,,,5.0
6,JAMtheLabel,4,257,16-Oct-24,11-Dec-24,6-Nov-24,Fashion/Beauty,inclusive fashion brand for individuals with disabilities,https://jamthelabel.com/,Female,Middle,,,Emma Clegg & Molly Rogers,1.0,,100000.0,10.0,1000000.0,1,1.0,100000.0,50.0,200000.0,1.0,100000.0,50.0,,,,,,,,,,,,,,,,100000.0,50.0,Maxine Horne,,,,,,5.0
6,Dundies,4,258,16-Oct-24,11-Dec-24,6-Nov-24,Pet Products,Reusable pet nappies,https://dundies.com.au/,Female,Middle,Redbank,QLD,Emily,0.0,,75000.0,15.0,500000.0,1,0.0,0.0,,,,,,,,,,,,,,,,,,,,,,,,,,,,,5.0
6,ServiEat,4,259,16-Oct-24,11-Dec-24,6-Nov-24,Green/CleanTech,edible napkins,,Male,Middle,,,Will McMahon & Woody Whitelaw,1.0,,100000.0,20.0,500000.0,0,,0.0,,,,,,,,,,,,,,,,,,,,,,,,,,,,,5.0
6,CupKings,4,260,16-Oct-24,11-Dec-24,6-Nov-24,Green/CleanTech,reusable stainless-steel cups,https://shopcupkings.com/,Male,Middle,Perth,WA,Luke & Liam,1.0,,50000.0,10.0,500000.0,1,1.0,50000.0,25.0,200000.0,1.0,50000.0,25.0,,,,,,,,,,,,,,,,50000.0,25.0,Robert Herjavec,,,,,,5.0
6,WineNot,5,261,16-Oct-24,11-Dec-24,13-Nov-24,Liquor/Alcohol,Eco-friendly wine pouches,,Female,Middle,,,Katharina Cser-Mostyn,0.0,,60000.0,20.0,300000.0,1,1.0,60000.0,30.0,200000.0,1.0,60000.0,30.0,,,,,,,,,,,,,,,,60000.0,30.0,Jane Lu,,,,,,5.0
6,Kewlus,5,262,16-Oct-24,11-Dec-24,13-Nov-24,Fitness/Sports/Outdoors,Customizable freestanding punching bag,https://kewlus.com/,,,Pacific Fair,QLD,Cobra Bag,0.0,,200000.0,10.0,2000000.0,0,,0.0,,,,,,,,,,,,,,,,,,,,,,,,,,,,,5.0
6,Paire,5,263,16-Oct-24,11-Dec-24,13-Nov-24,Fashion/Beauty,CoolBlend socks,,Male,Young,,,Nathan Yun & Rex Zhang,1.0,,500000.0,2.5,20000000.0,1,0.0,0.0,,,,,,,,,,,,,,,,,,,,,,,,,,,,,5.0
6,Flyypod,5,264,16-Oct-24,11-Dec-24,13-Nov-24,Business Services,pod to travel innovative Sleep Pod,https://www.flyypod.com/,Male,Middle,Melbourne,VIC,Andrew Schofield,0.0,,150000.0,20.0,750000.0,0,,0.0,,,,,,,,,,,,,,,,,,,,,,,,,,,,,5.0
6,Pash,6,265,16-Oct-24,11-Dec-24,20-Nov-24,Food and Beverage,non-alcoholic beer,,Male,Middle,,,Dr. Matt Agnew,0.0,,95000.0,10.0,950000.0,0,,0.0,,,,,,,,,,,,,,,,,,,,,,,,,,,,,5.0
6,BasicBand,6,266,16-Oct-24,11-Dec-24,20-Nov-24,Fashion/Beauty,tuck band,https://thebasicband.com/,Female,Middle,Sydney,NSW,Nicole Costa,0.0,,85000.0,5.0,1700000.0,1,1.0,85000.0,12.5,680000.0,1.0,85000.0,12.5,,,,,,,,,,,,,,,,85000.0,12.5,Jane Lu,,,,,,5.0
6,TasteBubs,6,267,16-Oct-24,11-Dec-24,20-Nov-24,Children/Education,baby food,,,,,,Dr. Mariam Chaalan & Dr. Rob McLeod,1.0,,250000.0,40.0,625000.0,1,1.0,250000.0,40.0,625000.0,1.0,250000.0,40.0,1.0,,,,,,,,,,,,,,,250000.0,40.0,Davie Fogarty,,,,,,5.0
6,Tilda,6,268,16-Oct-24,11-Dec-24,20-Nov-24,Fitness/Sports/Outdoors,"stylish, easy-to-use swags",,Female,Young,,,Maddy & Kali,1.0,,100000.0,30.0,333333.0,1,1.0,100000.0,33.0,303030.0,1.0,100000.0,33.0,,,,,,,,,,,,,,,,100000.0,33.0,Jane Lu,,,,,,5.0
6,TheLittlePotionCo,6,269,16-Oct-24,11-Dec-24,20-Nov-24,Children/Education,fun magical potion kit,,Female,Middle,,,Jacinta & Alicia,1.0,,400000.0,10.0,4000000.0,1,1.0,400000.0,20.0,2000000.0,1.0,400000.0,20.0,1.0,,,,,,,,,,,,,,,400000.0,20.0,Maxine Horne,,,,,,5.0
6,BurleighWagon,7,270,16-Oct-24,11-Dec-24,27-Nov-24,Fitness/Sports/Outdoors,beach vehicles,https://burleighwagon.com/,,,Bundall,QLD,,,,450000.0,10.0,4500000.0,1,1.0,450000.0,25.0,1800000.0,1.0,450000.0,25.0,1.0,,,,,,,,,,,,,,,450000.0,25.0,Davie Fogarty,,,,,,5.0
6,Strapsicle,7,271,16-Oct-24,11-Dec-24,27-Nov-24,Lifestyle/Home,Kindle accessories,,Couple,Middle,,,Lou Rice & Ben Stainlay,1.0,,250000.0,10.0,2500000.0,1,1.0,250000.0,22.5,1111111.0,2.0,125000.0,11.25,,,,,,,,,,,,,,,,250000.0,22.5,"Davie Fogarty,Robert Herjavec",,,,,,5.0
6,TernX,7,272,16-Oct-24,11-Dec-24,27-Nov-24,Lifestyle/Home,carry-on suitcase stroller,,Male,Middle,Brisbane,QLD,Tack Lee,0.0,,350000.0,10.0,3500000.0,1,1.0,350000.0,30.0,1166667.0,1.0,350000.0,30.0,,,,,,,,,,,,,,,,350000.0,30.0,Robert Herjavec,,,,,,5.0
6,Guarda,7,273,16-Oct-24,11-Dec-24,27-Nov-24,Business Services,Powercutter ,,Male,Middle,Perth,WA,Steve Terpstra & Craig Penty,1.0,,250000.0,3.0,8333333.0,1,1.0,250000.0,3.0,8333333.0,1.0,250000.0,3.0,,,,yes,,,,,,,,,,,,250000.0,3.0,Robert Herjavec,,,,,,5.0
6,GlitterGirl,7,274,16-Oct-24,11-Dec-24,27-Nov-24,Fashion/Beauty,"biodegradable, vegan-friendly glitter and makeup",https://myglittergirls.com/,Female,Young,Burleigh Heads,QLD,Sophia & Megan,1.0,,60000.0,10.0,600000.0,0,,0.0,,,,,,,,,,,,,,,,,,,,,,,,,,,,,5.0
6,CuttingEdge,8,275,16-Oct-24,11-Dec-24,11-Dec-24,Pet Products,pet dental care,,Male,Old,Sydney,NSW,Brian Borg,0.0,,200000.0,10.0,2000000.0,0,,0.0,,,,,,,,,,,,,,,,,,,,,,,,,,,,,5.0
6,AudimaLabs,8,276,16-Oct-24,11-Dec-24,11-Dec-24,Software/Tech,music production using sensors,https://audima.com.au/,Male,Middle,,,Isaac & Jeremy,1.0,,50000.0,5.0,1000000.0,1,1.0,50000.0,15.0,333333.0,1.0,50000.0,15.0,,,,,,,,,,,,,,,,50000.0,15.0,Nick Bell,,,,,,5.0
6,MimiHaircare,8,277,16-Oct-24,11-Dec-24,11-Dec-24,Fashion/Beauty,hair care products,https://mimihaircare.com.au/,Female,Middle,,,Emma Mackenzie,0.0,,250000.0,10.0,2500000.0,1,1.0,350000.0,30.0,1166667.0,1.0,350000.0,30.0,,,100000.0,,,,,,,,,,,,,350000.0,30.0,Davie Fogarty,,,,,,5.0
6,Ramla,8,278,16-Oct-24,11-Dec-24,11-Dec-24,Fashion/Beauty,sand repellent skin cream,,Mixed Team,Young,,,Jaimen & Jemma,1.0,,100000.0,10.0,1000000.0,1,1.0,100000.0,30.0,333333.0,2.0,50000.0,15.0,,,,,,,,,,,,,,,,100000.0,30.0,"Maxine Horne,Jane Lu",,,,,,5.0
6,SWIFFSpray,8,279,16-Oct-24,11-Dec-24,11-Dec-24,Lifestyle/Home,odor-eliminating product,https://swiffspray.com/,Couple,Middle,,,Dr. JJ Richardson & Susanna,1.0,,200000.0,10.0,2000000.0,1,1.0,200000.0,25.0,800000.0,5.0,40000.0,5.0,,,,,,,,,,,,,,,,200000.0,25.0,"Davie Fogarty,Robert Herjavec,Jane Lu,Maxine Horne,Nick Bell",,,,,,5.0
